ID,class
1,0.005326564
2,0.000786353
3,0.000977113
4,0.035585647
5,0.033097612
6,0.000434307
7,0.000615697
8,0.000371401
9,0.00121008
10,0.009612648
11,0.008363672
12,0.007513252
13,0.005210589
14,0.004668595
15,0.078477277
16,0.000340104
17,0.001997239
18,0.001121392
19,0.001173907
20,0.001839265
21,0.003148034
22,0.000677422
23,0.000292306
24,0.031851844
25,0.001908834
26,0.009588858
27,0.000743126
28,0.007245261
29,0.036404998
30,0.018055157
31,0.010049643
32,0.000787691
33,0.004591669
34,0.010739239
35,0.002552217
36,0.515136108
37,0.000289985
38,0.000299247
39,0.018823693
40,0.000433696
41,0.04433311
42,0.159289539
43,0.003090001
44,0.011421474
45,0.020776346
46,0.000446116
47,0.000532085
48,0.000599877
49,0.000314828
50,0.000825171
51,0.000453149
52,0.000349882
53,0.044126326
54,0.014704859
55,0.11983603
56,0.006180878
57,0.001963671
58,0.06610754
59,0.000672218
60,0.000512895
61,0.001014382
62,0.000355988
63,0.000353025
64,0.002388657
65,0.000727786
66,0.000666666
67,0.009563874
68,0.020532725
69,0.007120946
70,0.036378829
71,0.000269064
72,0.006329374
73,0.000530928
74,0.026162654
75,0.009474544
76,0.002717924
77,0.000376713
78,0.001585283
79,0.000470024
80,0.00028678
81,0.013720334
82,0.051981723
83,0.000434578
84,0.000419657
85,0.001287976
86,0.00229125
87,0.062365003
88,0.00041
89,0.002612782
90,0.000251358
91,0.000971779
92,0.029375655
93,0.032486377
94,0.001128826
95,0.000363984
96,0.006909463
97,0.025346024
98,0.000385789
99,0.030440983
100,0.00117465
101,0.026702139
102,0.043579955
103,0.000587978
104,0.003980904
105,0.001333782
106,0.014209788
107,0.000616833
108,0.358535464
109,0.002026005
110,0.005006747
111,0.000474742
112,0.005752044
113,0.000767474
114,0.015727268
115,0.010724444
116,0.002844381
117,0.236158866
118,0.020674761
119,0.000236924
120,0.025907666
121,0.006111306
122,0.002906529
123,0.000589512
124,0.006199846
125,0.000270043
126,0.000622454
127,0.000469607
128,0.025688806
129,0.001192856
130,0.000458485
131,0.000716484
132,0.022101334
133,0.000464399
134,0.000931945
135,0.052048552
136,0.009961399
137,0.000173942
138,0.001938573
139,0.000723714
140,0.019091665
141,0.017411216
142,0.002185972
143,0.001327111
144,0.003644992
145,0.000405185
146,0.00035774
147,0.000707296
148,0.003892603
149,0.014519535
150,0.010197777
151,0.039236142
152,0.020614283
153,0.000360506
154,0.000289602
155,0.246849963
156,0.036692263
157,0.004545971
158,0.001144
159,0.099977476
160,0.001593323
161,0.000350629
162,0.000277869
163,0.00028904
164,0.016991457
165,0.006683039
166,0.000453025
167,0.000419869
168,0.000297548
169,0.001914464
170,0.000851857
171,0.000659197
172,0.002165471
173,0.006744924
174,0.004547944
175,0.000513351
176,0.000259632
177,0.000417046
178,0.002611573
179,0.010764548
180,0.003478274
181,0.028156673
182,0.000420677
183,0.037496764
184,0.070330429
185,0.001740757
186,0.043310111
187,0.000255901
188,0.022441549
189,0.001200569
190,0.046439856
191,0.009266216
192,0.035412665
193,0.000302947
194,0.00237232
195,0.040118468
196,0.040025156
197,0.003417926
198,0.001087567
199,0.000225938
200,0.001768771
201,0.019145382
202,0.001476137
203,0.023087797
204,0.000803181
205,0.007069597
206,0.00028613
207,0.032801506
208,0.00696711
209,0.002714543
210,0.019497204
211,0.011492252
212,0.005876513
213,0.022267214
214,0.240682065
215,0.000710115
216,0.000272425
217,0.002692519
218,0.000889037
219,0.000444636
220,0.017731399
221,0.023542809
222,0.000483026
223,0.000950097
224,0.000547165
225,0.023284774
226,0.004094076
227,0.000298378
228,0.000335555
229,0.000443284
230,0.000264159
231,0.000260068
232,0.000317643
233,0.020087847
234,0.000871661
235,0.031574058
236,0.000311891
237,0.000416385
238,0.019794831
239,0.0309623
240,0.10450043
241,0.011266275
242,0.116368058
243,0.000914971
244,0.000587596
245,0.000531268
246,0.002113972
247,0.004815918
248,0.007767245
249,0.000370081
250,0.019970526
251,0.030619799
252,0.014879145
253,0.002171693
254,0.077742686
255,0.003045484
256,0.000326824
257,0.007620962
258,0.003802974
259,0.031241925
260,0.001979505
261,0.000326295
262,0.002614492
263,0.002493208
264,0.000621716
265,0.000334813
266,0.038243309
267,0.001934285
268,0.051954761
269,0.001252869
270,0.003031409
271,0.001673176
272,0.033309106
273,0.000863666
274,0.000427904
275,0.000278866
276,0.000927477
277,0.000635806
278,0.000343896
279,0.011867645
280,0.002209734
281,0.051724285
282,0.00298301
283,0.001460498
284,0.000732162
285,0.000274961
286,0.000299279
287,0.001175163
288,0.001236247
289,0.005206346
290,0.002925404
291,0.000320907
292,0.001286857
293,0.000499582
294,0.00083452
295,0.005628493
296,0.001741915
297,0.000550138
298,0.007658266
299,0.002075412
300,0.000593628
301,0.004589958
302,0.002368592
303,0.001322775
304,0.000444042
305,0.007482775
306,0.007560231
307,0.003003687
308,0.001577356
309,0.000753774
310,0.002725085
311,0.000550322
312,0.001216256
313,0.015585696
314,0.000427073
315,0.000269861
316,0.000835586
317,0.043808824
318,0.001188891
319,0.001586411
320,0.007497587
321,0.026252134
322,0.000698402
323,0.009835287
324,0.00298351
325,0.007970402
326,0.029153739
327,0.000883455
328,0.005948116
329,0.000568342
330,0.00438019
331,0.001000317
332,0.023661941
333,0.00123365
334,0.000436806
335,0.000746473
336,0.00028646
337,0.000492363
338,0.000658991
339,0.000588731
340,0.001746168
341,0.000909894
342,0.000449221
343,0.001409831
344,0.000530889
345,0.004855774
346,0.00064713
347,0.027423199
348,0.000463649
349,0.000351625
350,0.000459003
351,0.013603244
352,0.003966364
353,0.01750324
354,0.9126019
355,0.006042975
356,0.001489057
357,0.000945148
358,0.007922691
359,0.002282619
360,0.003130081
361,0.031651007
362,0.000275814
363,0.022369878
364,0.067572347
365,0.052183877
366,0.040006383
367,0.001478977
368,0.02120721
369,0.016134041
370,0.017210123
371,0.009273347
372,0.013784773
373,0.001570523
374,0.001652519
375,0.045000076
376,0.032921962
377,0.034601253
378,0.009192119
379,0.000335695
380,0.019831914
381,0.023572594
382,0.000502666
383,0.011760029
384,0.000650688
385,0.021766922
386,0.000249765
387,0.01606678
388,0.052403973
389,0.000412696
390,0.027813263
391,0.002390164
392,0.001623686
393,0.000676959
394,0.000686158
395,0.101165121
396,0.000478491
397,0.001727458
398,0.002816836
399,0.002666581
400,0.001364936
401,0.001470383
402,0.000857981
403,0.001082288
404,0.003410954
405,0.020278958
406,0.139044533
407,0.002654677
408,0.021225358
409,0.028567223
410,0.000635949
411,0.00071766
412,0.016119113
413,0.012786839
414,0.000843283
415,0.000289535
416,0.00520826
417,0.004484874
418,0.000356889
419,0.000969775
420,0.009051203
421,0.001341117
422,0.000627166
423,0.002135105
424,0.003824859
425,0.001194438
426,0.000805486
427,0.000833625
428,0.002046671
429,0.015187301
430,0.001576239
431,0.005051912
432,0.005053515
433,0.000327205
434,0.032358023
435,0.0007326
436,0.000937319
437,0.162961309
438,0.000653423
439,0.000736958
440,0.080467458
441,0.013355539
442,0.010831411
443,0.00783924
444,0.006144285
445,0.101698608
446,0.000438041
447,0.016784594
448,0.022875568
449,0.00389131
450,0.000901544
451,0.01670528
452,0.001459078
453,0.001243529
454,0.013866211
455,0.007939983
456,0.002776508
457,0.001323221
458,0.013338352
459,0.002389093
460,0.000424381
461,0.070634922
462,0.01255026
463,0.02219997
464,0.022530941
465,0.029653258
466,0.001864959
467,0.001286472
468,0.001643012
469,0.000378669
470,0.000551526
471,0.003290475
472,0.01253668
473,0.01865374
474,0.001113735
475,0.018913297
476,0.000201951
477,0.075977991
478,0.000348488
479,0.060135793
480,0.032289477
481,0.003707635
482,0.025500604
483,0.000459104
484,0.006287654
485,0.001059934
486,0.031936812
487,0.017969139
488,0.004067609
489,0.000681021
490,0.000463084
491,0.013490599
492,0.025925992
493,0.007710843
494,0.00068156
495,0.000489118
496,0.010236823
497,0.005071807
498,0.000570426
499,0.001187507
500,0.017374183
501,0.003077236
502,0.008832107
503,0.000512054
504,0.006129003
505,0.00285815
506,0.009275622
507,0.000477884
508,0.001353274
509,0.002135923
510,0.000411021
511,0.000279531
512,0.003771231
513,0.005360933
514,0.027947855
515,0.012979359
516,0.00189229
517,0.000442408
518,0.006635598
519,0.029408915
520,0.001133852
521,0.240562759
522,0.275119951
523,0.000900101
524,0.006084185
525,0.001214095
526,0.011412064
527,0.038804528
528,0.004890576
529,0.00124693
530,0.001188157
531,0.000996413
532,0.01182499
533,0.000361323
534,0.00117895
535,0.013083093
536,0.00060035
537,0.067872693
538,0.001925713
539,0.022369312
540,0.020716149
541,0.020189824
542,0.015103589
543,0.116216834
544,0.002193453
545,0.001866644
546,0.001292373
547,0.001404718
548,0.000357171
549,0.01075046
550,0.013915925
551,0.01742598
552,0.001324281
553,0.000440534
554,0.005160974
555,0.022648832
556,0.000922837
557,0.000352107
558,0.020236713
559,0.00637977
560,0.00061045
561,0.00920196
562,0.005101762
563,0.000757399
564,0.002262423
565,0.024251193
566,0.000377109
567,0.013043279
568,0.008892445
569,0.000318008
570,0.016961248
571,0.000511742
572,0.000468673
573,0.008607507
574,0.002327524
575,0.008597828
576,0.003293084
577,0.014662739
578,0.001774422
579,0.000429983
580,0.008837302
581,0.000240095
582,0.000374636
583,0.043302084
584,0.002211598
585,0.144496644
586,0.000280028
587,0.047940941
588,0.003360877
589,0.000583644
590,0.05013709
591,0.000289378
592,0.000387755
593,0.037982814
594,0.000324216
595,0.00108973
596,0.000629424
597,0.257817374
598,0.001601546
599,0.010599375
600,0.00242057
601,0.041217345
602,0.00128125
603,0.011383287
604,0.000339494
605,0.000760046
606,0.008529208
607,0.004009093
608,0.002946943
609,0.025352786
610,0.001006689
611,0.000367427
612,0.001402985
613,0.005284356
614,0.000298293
615,0.000283721
616,0.0003988
617,0.000424362
618,0.016578821
619,0.026789116
620,0.004241029
621,0.000313738
622,0.000345684
623,0.012484351
624,0.001362649
625,0.038215349
626,0.00189074
627,0.000598123
628,0.024472757
629,0.003417818
630,0.029507478
631,0.000254929
632,0.018718088
633,0.002970448
634,0.009103275
635,0.08122148
636,0.000399682
637,0.063276151
638,0.00114747
639,0.00508337
640,0.000315658
641,0.003409707
642,0.01447227
643,0.017862726
644,0.000627004
645,0.000324943
646,0.001840222
647,0.037185109
648,0.060438359
649,0.001402136
650,0.052820457
651,0.006557355
652,0.00148857
653,0.000338313
654,0.021291797
655,0.014555415
656,0.001248282
657,0.00366193
658,0.001233227
659,0.000664475
660,0.000518597
661,0.003845029
662,0.00039528
663,0.000891427
664,0.023723441
665,0.002356753
666,0.04677912
667,0.000754304
668,0.000362385
669,0.001232461
670,0.00116782
671,0.000460974
672,0.000640243
673,0.003272987
674,0.004165019
675,0.260574305
676,0.003542466
677,0.023214017
678,0.001030204
679,0.000269991
680,0.013920501
681,0.001952149
682,0.000858092
683,0.0023075
684,0.001128401
685,0.00159425
686,0.003222624
687,0.001160954
688,0.0012658
689,0.003083181
690,0.032056676
691,0.000322866
692,0.004331918
693,0.000301174
694,0.035901432
695,0.036255256
696,0.000262168
697,0.001030016
698,0.010255803
699,0.023609834
700,0.000812949
701,0.065570568
702,0.000485434
703,0.000487125
704,0.000704964
705,0.001408918
706,0.002405092
707,0.014432502
708,0.000689407
709,0.000405228
710,0.003109113
711,0.000381129
712,0.000333244
713,0.092966584
714,0.000922253
715,0.018603503
716,0.038092552
717,0.000421882
718,0.012354231
719,0.000908003
720,0.00084769
721,0.000751794
722,0.001454225
723,0.08840462
724,0.000424699
725,0.001361106
726,0.009573929
727,0.002564999
728,0.000288773
729,0.000240897
730,0.002323762
731,0.001903423
732,0.000328192
733,0.002780251
734,0.028536281
735,0.018709343
736,0.000478944
737,0.000917369
738,0.018189325
739,0.010070714
740,0.00050522
741,0.089926382
742,0.000401578
743,0.000419399
744,0.013801886
745,0.024561107
746,0.006073795
747,0.000278509
748,0.000320175
749,0.008650599
750,0.025523149
751,0.00036122
752,0.000585306
753,0.000510392
754,0.002356182
755,0.004487859
756,0.021798104
757,0.000322604
758,0.003419783
759,0.00800155
760,0.054606147
761,0.013410124
762,0.000451244
763,0.279315648
764,0.035414936
765,0.003241462
766,0.001004344
767,0.025461029
768,0.003480498
769,0.000959055
770,0.000958887
771,0.002160891
772,0.002741614
773,0.003124261
774,0.024138766
775,0.000873159
776,0.268225951
777,0.010540965
778,0.036523786
779,0.000942248
780,0.030310004
781,0.030759806
782,0.007085379
783,0.000366911
784,0.00674208
785,0.000840827
786,0.000449998
787,0.002262519
788,0.5628031
789,0.000479154
790,0.000403921
791,0.000409251
792,0.000240555
793,0.002219277
794,0.03100974
795,0.012240442
796,0.029452157
797,0.027018888
798,0.000725958
799,0.001753182
800,0.001356664
801,0.000456346
802,0.003615838
803,0.000340768
804,0.068457734
805,0.001494112
806,0.000458376
807,0.002470626
808,0.001200548
809,0.009562131
810,0.007744769
811,0.002842254
812,0.000932676
813,0.004894708
814,0.008458553
815,0.00149775
816,0.000346576
817,0.000389318
818,0.021150105
819,0.134199827
820,0.048672425
821,0.000358809
822,0.38322744
823,0.132222153
824,0.014266367
825,0.003886262
826,0.024272464
827,0.000473396
828,0.004940518
829,0.009034735
830,0.009209179
831,0.00747837
832,0.003393741
833,0.014834812
834,0.00031277
835,0.002704579
836,0.000859829
837,0.002852972
838,0.000478325
839,0.000278247
840,0.014783301
841,0.00054275
842,0.003695121
843,0.003673224
844,0.046302384
845,0.016946067
846,0.000856891
847,0.001237763
848,0.002999015
849,0.00083424
850,0.000343951
851,0.021031113
852,0.008680663
853,0.000346029
854,0.000400575
855,0.000871115
856,0.014638285
857,0.031207222
858,0.000828352
859,0.000348489
860,0.013728573
861,0.005117533
862,0.000316464
863,0.018410365
864,0.057407739
865,0.000267113
866,0.017370677
867,0.000267309
868,0.000804302
869,0.005448212
870,0.002766783
871,0.000525181
872,0.000467177
873,0.005152441
874,0.026515514
875,0.003774879
876,0.018914365
877,0.002036578
878,0.03325512
879,0.000277126
880,0.000622443
881,0.156201652
882,0.001484169
883,0.043890699
884,0.00079487
885,0.001783153
886,0.01319217
887,0.001014411
888,0.002027372
889,0.000266528
890,0.000395726
891,0.000523136
892,0.010280426
893,0.000369331
894,0.000330996
895,0.00034359
896,0.007094964
897,0.000926149
898,0.014611874
899,0.034606996
900,0.000678879
901,0.003642861
902,0.000557408
903,0.000526656
904,0.003378508
905,0.000947885
906,0.00288519
907,0.000268654
908,0.000322551
909,0.000318806
910,0.002464945
911,0.00035165
912,0.00344286
913,0.000273274
914,0.025550575
915,0.005640098
916,0.000273199
917,0.023666476
918,0.002591429
919,0.002196004
920,0.000395757
921,0.001231895
922,0.006957441
923,0.000308963
924,0.016200138
925,0.008159384
926,0.000717773
927,0.000309325
928,0.008054631
929,0.000327029
930,0.006765042
931,0.000481507
932,0.002173339
933,0.001218173
934,0.000916722
935,0.000277945
936,0.00039441
937,0.037647069
938,0.003795599
939,0.007174797
940,0.00552088
941,0.006570595
942,0.000289315
943,0.000439555
944,0.013615348
945,0.002590096
946,0.000859411
947,0.000901592
948,0.00207822
949,0.0273006
950,0.048928511
951,0.043096395
952,0.000415937
953,0.001535252
954,0.02161065
955,0.001936547
956,0.016403667
957,0.010648948
958,0.096603158
959,0.00185988
960,0.006244036
961,0.001687279
962,0.035644599
963,0.028602083
964,0.001987575
965,0.001325911
966,0.012486388
967,0.033744357
968,0.000810761
969,0.029606763
970,0.011506186
971,0.02679611
972,0.000519218
973,0.028764379
974,0.000877921
975,0.000559488
976,0.013394839
977,0.01742532
978,0.00583601
979,0.001400446
980,0.002034215
981,0.000886668
982,0.000679686
983,0.000529266
984,0.001548893
985,0.009465976
986,0.00865336
987,0.003148233
988,0.010633723
989,0.060911158
990,0.003134828
991,0.000727336
992,0.002780991
993,0.000546702
994,0.001888197
995,0.005395866
996,0.000670542
997,0.00091751
998,0.020112758
999,0.013127567
1000,0.010973094
1001,0.036896296
1002,0.003322812
1003,0.025447185
1004,0.000370497
1005,0.010331238
1006,0.000445455
1007,0.000428756
1008,0.020325874
1009,0.000369933
1010,0.000607914
1011,0.002474858
1012,0.000365151
1013,0.002521961
1014,0.043126681
1015,0.000426171
1016,0.000498212
1017,0.000623905
1018,0.022228302
1019,0.036589027
1020,0.010153852
1021,0.002334432
1022,0.028801729
1023,0.005309295
1024,0.008321573
1025,0.000971961
1026,0.015147427
1027,0.021355424
1028,0.000409874
1029,0.001012894
1030,0.001795222
1031,0.255529666
1032,0.00028652
1033,0.018125729
1034,0.00242804
1035,0.000718647
1036,0.035912992
1037,0.006246244
1038,0.000787663
1039,0.001119113
1040,0.002100933
1041,0.134645476
1042,0.002858386
1043,0.013405462
1044,0.001998805
1045,0.001723088
1046,0.000752363
1047,0.000988589
1048,0.002395426
1049,0.000306147
1050,0.000380071
1051,0.01456814
1052,0.001306525
1053,0.000947768
1054,0.000357776
1055,0.001102397
1056,0.000325122
1057,0.026308061
1058,0.00165396
1059,0.001842734
1060,0.000944227
1061,0.001589063
1062,0.001124988
1063,0.000381342
1064,0.002723038
1065,0.010538961
1066,0.001283999
1067,0.012411846
1068,0.001516533
1069,0.058525712
1070,0.004982085
1071,0.004862832
1072,0.000331812
1073,0.011652869
1074,0.000383138
1075,0.003126434
1076,0.001106263
1077,0.001418116
1078,0.000696946
1079,0.00155199
1080,0.006223093
1081,0.000772079
1082,0.005276899
1083,0.369178919
1084,0.00048633
1085,0.064485161
1086,0.003513362
1087,0.000725198
1088,0.016358927
1089,0.002485951
1090,0.043718787
1091,0.003063287
1092,0.002008849
1093,0.000454685
1094,0.000940475
1095,0.000825807
1096,0.007330357
1097,0.00179592
1098,0.001457253
1099,0.000329146
1100,0.002525195
1101,0.002870195
1102,0.000875488
1103,0.001740628
1104,0.001513724
1105,0.000368691
1106,0.013794505
1107,0.003379791
1108,0.023687275
1109,0.003406085
1110,0.20396819
1111,0.021858898
1112,0.002813446
1113,0.003948558
1114,0.002892285
1115,0.051027102
1116,0.000460381
1117,0.035139583
1118,0.002785136
1119,0.00062635
1120,0.005782094
1121,0.000812815
1122,0.001843744
1123,0.409810007
1124,0.000770307
1125,0.008632885
1126,0.00221629
1127,0.000851601
1128,0.000946581
1129,0.006604036
1130,0.025025288
1131,0.001310581
1132,0.002089447
1133,0.027170898
1134,0.03832104
1135,0.011451996
1136,0.003788726
1137,0.019261022
1138,0.000877471
1139,0.00152623
1140,0.006995188
1141,0.021717762
1142,0.001303317
1143,0.072458553
1144,0.001841237
1145,0.000915238
1146,0.000339274
1147,0.004588859
1148,0.00182993
1149,0.000445639
1150,0.0003667
1151,0.031401959
1152,0.000304107
1153,0.066624574
1154,0.002193514
1155,0.000317309
1156,0.000321586
1157,0.00469096
1158,0.000267852
1159,0.0041198
1160,0.054495406
1161,0.000778447
1162,0.003775469
1163,0.051817701
1164,0.00934107
1165,0.000534721
1166,0.001979972
1167,0.028781248
1168,0.016613765
1169,0.038977805
1170,0.001122515
1171,0.027401316
1172,0.001265299
1173,0.027620953
1174,0.000999283
1175,0.000300703
1176,0.103355651
1177,0.032997985
1178,0.027969652
1179,0.00348707
1180,0.000325113
1181,0.010199129
1182,0.001068072
1183,0.000377043
1184,0.000477853
1185,0.003270925
1186,0.003038154
1187,0.000800048
1188,0.016252491
1189,0.000635287
1190,0.001568411
1191,0.013299339
1192,0.018395631
1193,0.003322892
1194,0.000537177
1195,0.000410129
1196,0.007583765
1197,0.023122242
1198,0.012471543
1199,0.006637308
1200,0.001068182
1201,0.0003314
1202,0.018792379
1203,0.001212942
1204,0.210267293
1205,0.000317552
1206,0.022304938
1207,0.000399773
1208,0.001888922
1209,0.039786125
1210,0.001157505
1211,0.002052506
1212,0.001175065
1213,0.000716455
1214,0.001476404
1215,0.049056445
1216,0.001519391
1217,0.004100859
1218,0.004532794
1219,0.033640827
1220,0.005354542
1221,0.038751375
1222,0.000801757
1223,0.267841927
1224,0.003425688
1225,0.012237164
1226,0.000650571
1227,0.001703181
1228,0.001225165
1229,0.000601289
1230,0.012804324
1231,0.01359849
1232,0.000541945
1233,0.001261234
1234,0.024144629
1235,0.000282333
1236,0.000184444
1237,0.000560403
1238,0.00061195
1239,0.000391006
1240,0.004504647
1241,0.000464912
1242,0.020508656
1243,0.001656494
1244,0.000302036
1245,0.000367195
1246,0.001366516
1247,0.000925037
1248,0.001406913
1249,0.000371787
1250,0.001165169
1251,0.001047833
1252,0.00059367
1253,0.000468093
1254,0.003342521
1255,0.000774331
1256,0.002552301
1257,0.000254535
1258,0.001393645
1259,0.002797325
1260,0.001174853
1261,0.000982694
1262,0.000199313
1263,0.006597358
1264,0.000499708
1265,0.001638274
1266,0.000325546
1267,0.181565257
1268,0.000962806
1269,0.010938404
1270,0.004266576
1271,0.000861625
1272,0.000493698
1273,0.024864458
1274,0.000998841
1275,0.049400223
1276,0.001976871
1277,0.018258187
1278,0.000382921
1279,0.000574786
1280,0.026942576
1281,0.004634824
1282,0.017890981
1283,0.0073721
1284,0.05201098
1285,0.036865926
1286,0.009228874
1287,0.001515243
1288,0.001235748
1289,0.041664091
1290,0.000700299
1291,0.005475203
1292,0.002788885
1293,0.000582872
1294,0.001956532
1295,0.019516901
1296,0.000609831
1297,0.000414269
1298,0.002054093
1299,0.005576012
1300,0.002868866
1301,0.000645768
1302,0.001263763
1303,0.001376203
1304,0.000291066
1305,0.000302558
1306,0.035855376
1307,0.000729781
1308,0.000352511
1309,0.000459527
1310,0.000603119
1311,0.000541468
1312,0.001045911
1313,0.004503483
1314,0.022557668
1315,0.000289031
1316,0.001125658
1317,0.021000729
1318,0.001107169
1319,0.000324404
1320,0.008220021
1321,0.024180433
1322,0.000484646
1323,0.000405723
1324,0.00030953
1325,0.000380605
1326,0.001865879
1327,0.000580251
1328,0.002358006
1329,0.001623339
1330,0.011323435
1331,0.001914793
1332,0.002077988
1333,0.006299747
1334,0.000947911
1335,0.000278605
1336,0.21092852
1337,0.000373018
1338,0.013412273
1339,0.0060831
1340,0.052483225
1341,0.000374461
1342,0.013179449
1343,0.000668711
1344,0.000505861
1345,0.01378345
1346,0.002294284
1347,0.00891956
1348,0.000360301
1349,0.086467301
1350,0.000764896
1351,0.003497488
1352,0.000964088
1353,0.003005518
1354,0.026136343
1355,0.012765822
1356,0.000412275
1357,0.243766846
1358,0.000376381
1359,0.00040411
1360,0.000748964
1361,0.001192951
1362,0.002735515
1363,0.002203035
1364,0.001343471
1365,0.000737708
1366,0.022450169
1367,0.004109835
1368,0.064635651
1369,0.005024755
1370,0.026808669
1371,0.000969642
1372,0.001149937
1373,0.000531184
1374,0.02367919
1375,0.000332577
1376,0.005983662
1377,0.001217105
1378,0.007000217
1379,0.000267484
1380,0.001351651
1381,0.001204147
1382,0.000500356
1383,0.000667489
1384,0.004792614
1385,0.003322577
1386,0.004423316
1387,0.000392747
1388,0.015606553
1389,0.007214384
1390,0.0004154
1391,0.002976064
1392,0.006685242
1393,0.000506651
1394,0.000773829
1395,0.001234108
1396,0.000305245
1397,0.020072587
1398,0.028419972
1399,0.002192973
1400,0.057523908
1401,0.000257649
1402,0.000702925
1403,0.005749039
1404,0.028199569
1405,0.000267301
1406,0.000414578
1407,0.000279067
1408,0.0039387
1409,0.004018319
1410,0.00033901
1411,0.000366295
1412,0.000343105
1413,0.000484108
1414,0.011755426
1415,0.002347911
1416,0.001111474
1417,0.00085721
1418,0.002679787
1419,0.018021512
1420,0.010362238
1421,0.000575307
1422,0.002043459
1423,0.020335855
1424,0.042822716
1425,0.020570567
1426,0.002173526
1427,0.000418761
1428,0.034106683
1429,0.011192145
1430,0.00034258
1431,0.012600924
1432,0.000480797
1433,0.131697794
1434,0.007796599
1435,0.000855835
1436,0.000651979
1437,0.012508804
1438,0.019085138
1439,0.030373528
1440,0.011253696
1441,0.07390849
1442,0.002006082
1443,0.016774544
1444,0.003064424
1445,0.00578771
1446,0.00477796
1447,0.019093095
1448,0.008626284
1449,0.047473727
1450,0.000414525
1451,0.000788131
1452,0.000568772
1453,0.052349328
1454,0.000372281
1455,0.024991596
1456,0.000966001
1457,0.001017928
1458,0.025163318
1459,0.016743019
1460,0.000385408
1461,0.000744969
1462,0.004412034
1463,0.00200828
1464,0.043758341
1465,0.01924797
1466,0.001539803
1467,0.000488142
1468,0.000682474
1469,0.000279893
1470,0.025507618
1471,0.000285624
1472,0.003168274
1473,0.002667395
1474,0.00031898
1475,0.002004887
1476,0.000992497
1477,0.00031272
1478,0.083954814
1479,0.001458672
1480,0.000639511
1481,0.007349168
1482,0.000590443
1483,0.022660367
1484,0.008645181
1485,0.000903628
1486,0.03561316
1487,0.000634359
1488,0.001059557
1489,0.03049314
1490,0.012476209
1491,0.000618362
1492,0.002224414
1493,0.000743636
1494,0.017820292
1495,0.00036092
1496,0.004906063
1497,0.001134552
1498,0.044827911
1499,0.022710511
1500,0.02941235
1501,0.001833368
1502,0.003525013
1503,0.001068054
1504,0.029134172
1505,0.045685516
1506,0.020351767
1507,0.014576564
1508,0.000620877
1509,0.000300295
1510,0.001247318
1511,0.031967143
1512,0.000345519
1513,0.004630043
1514,0.000658593
1515,0.00467401
1516,0.086869018
1517,0.000393763
1518,0.000611659
1519,0.033974928
1520,0.000696415
1521,0.022621469
1522,0.008631394
1523,0.000628393
1524,0.047156335
1525,0.006250713
1526,0.003561085
1527,0.00172003
1528,0.000451748
1529,0.000322313
1530,0.001707665
1531,0.248472577
1532,0.475740671
1533,0.015943969
1534,0.124757786
1535,0.000703475
1536,0.002451645
1537,0.038518334
1538,0.007325918
1539,0.006479773
1540,0.000353257
1541,0.003024044
1542,0.000633735
1543,0.001381146
1544,0.000531121
1545,0.003471939
1546,0.000341771
1547,0.002047793
1548,0.009723795
1549,0.001205046
1550,0.000585745
1551,0.02076453
1552,0.030428865
1553,0.002179471
1554,0.003029091
1555,0.001137128
1556,0.001768778
1557,0.060504327
1558,0.000258275
1559,0.000256089
1560,0.002880199
1561,0.506458976
1562,0.017289735
1563,0.002694401
1564,0.001418397
1565,0.000777471
1566,0.000586031
1567,0.001775257
1568,0.000287284
1569,0.001081861
1570,0.000530315
1571,0.000715664
1572,0.003535584
1573,0.000285306
1574,0.000354422
1575,0.000503549
1576,0.000944544
1577,0.00185638
1578,0.001917969
1579,0.102993064
1580,0.003931308
1581,0.000859272
1582,0.017494331
1583,0.000645454
1584,0.000275754
1585,0.013412273
1586,0.029661686
1587,0.417061846
1588,0.000467417
1589,0.000625275
1590,0.001944315
1591,0.010802295
1592,0.008032803
1593,0.006826944
1594,0.005106819
1595,0.007752767
1596,0.031853883
1597,0.015265931
1598,0.000363266
1599,0.00939767
1600,0.007824509
1601,0.002529395
1602,0.00046587
1603,0.025792567
1604,0.000403613
1605,0.01892139
1606,0.002036578
1607,0.00188713
1608,0.02977517
1609,0.04504835
1610,0.000606498
1611,0.06704954
1612,0.003883747
1613,0.044154617
1614,0.000657818
1615,0.02377783
1616,0.023918967
1617,0.00029089
1618,0.001876827
1619,0.000634435
1620,0.002504189
1621,0.000999613
1622,0.019914398
1623,0.003576505
1624,0.002234689
1625,0.000345256
1626,0.000665735
1627,0.001194815
1628,0.175942029
1629,0.000558846
1630,0.002243891
1631,0.002552356
1632,0.052559039
1633,0.000424608
1634,0.002593827
1635,0.000405314
1636,0.024766145
1637,0.000618683
1638,0.000509883
1639,0.00138016
1640,0.001223798
1641,0.061386474
1642,0.000280409
1643,0.020195553
1644,0.001106011
1645,0.005968329
1646,0.030475762
1647,0.001858676
1648,0.001584356
1649,0.000447599
1650,0.053442487
1651,0.001268144
1652,0.000390947
1653,0.004502551
1654,0.000273526
1655,0.001452928
1656,0.019153176
1657,0.030803622
1658,0.000689103
1659,0.000307398
1660,0.000478158
1661,0.015043628
1662,0.066517608
1663,0.000965682
1664,0.000322369
1665,0.005579807
1666,0.000933119
1667,0.001882198
1668,0.001443717
1669,0.000439786
1670,0.004184609
1671,0.000759945
1672,0.008563201
1673,0.000372261
1674,0.002217329
1675,0.001056966
1676,0.000323144
1677,0.0532542
1678,0.000266862
1679,0.000340365
1680,0.001525385
1681,0.005703918
1682,0.003289964
1683,0.006791191
1684,0.035902631
1685,0.001305505
1686,0.000354255
1687,0.084338415
1688,0.166191638
1689,0.00048226
1690,0.000617553
1691,0.000702351
1692,0.000835289
1693,0.000443526
1694,0.021191815
1695,0.005149795
1696,0.000342267
1697,0.00152718
1698,0.00073327
1699,0.002056344
1700,0.110624705
1701,0.002640575
1702,0.005234945
1703,0.000534397
1704,0.000607288
1705,0.001010456
1706,0.000797115
1707,0.021768977
1708,0.000844137
1709,0.007639347
1710,0.000283073
1711,0.000722302
1712,0.000836247
1713,0.000715291
1714,0.000340049
1715,0.016411724
1716,0.000342832
1717,0.082459161
1718,0.000363953
1719,0.000421493
1720,0.001855406
1721,0.000465167
1722,0.000400847
1723,0.000652167
1724,0.083090592
1725,0.000958548
1726,0.0009889
1727,0.000677433
1728,0.000263736
1729,0.006258828
1730,0.000462336
1731,0.001565548
1732,0.001650999
1733,0.000813988
1734,0.023620704
1735,0.00023598
1736,0.000823903
1737,0.01603713
1738,0.000317958
1739,0.003107528
1740,0.068508432
1741,0.000560808
1742,0.038592221
1743,0.030981473
1744,0.000335086
1745,0.006163338
1746,0.073781777
1747,0.001297639
1748,0.002531506
1749,0.018007365
1750,0.00024291
1751,0.001829278
1752,0.000303212
1753,0.000523256
1754,0.001160062
1755,0.028906754
1756,0.000388129
1757,0.003618918
1758,0.000513272
1759,0.000347485
1760,0.003230461
1761,0.029330426
1762,0.000975436
1763,0.000558638
1764,0.770438819
1765,0.001819616
1766,0.005140101
1767,0.000400166
1768,0.031927151
1769,0.001882501
1770,0.022288991
1771,0.008209398
1772,0.002320527
1773,0.000280772
1774,0.000519879
1775,0.01703233
1776,0.000391073
1777,0.009958642
1778,0.00137939
1779,0.015299247
1780,0.001379679
1781,0.006749413
1782,0.000401743
1783,0.004474825
1784,0.000893409
1785,0.000727113
1786,0.096741374
1787,0.000320809
1788,0.010843945
1789,0.000450032
1790,0.004021209
1791,0.00038555
1792,0.053703444
1793,0.346691049
1794,0.552471819
1795,0.002459775
1796,0.001153445
1797,0.003730512
1798,0.000617533
1799,0.000870867
1800,0.000453338
1801,0.000343191
1802,0.000458896
1803,0.00138388
1804,0.012909268
1805,0.000752863
1806,0.011817147
1807,0.001554718
1808,0.024188378
1809,0.005702568
1810,0.029860509
1811,0.07051244
1812,0.000837362
1813,0.000920548
1814,0.021225089
1815,0.000656625
1816,0.015170862
1817,0.009775754
1818,0.006030472
1819,0.001255631
1820,0.001551349
1821,0.075761642
1822,0.016904093
1823,0.003756531
1824,0.002310779
1825,0.000464971
1826,0.000338313
1827,0.000316286
1828,0.014773256
1829,0.000404694
1830,0.00135036
1831,0.037806451
1832,0.000860627
1833,0.000273652
1834,0.013639013
1835,0.000444327
1836,0.024219287
1837,0.005017769
1838,0.034429352
1839,0.000290776
1840,0.002959806
1841,0.003065955
1842,0.819679369
1843,0.005795159
1844,0.001015118
1845,0.014006185
1846,0.000595289
1847,0.169102131
1848,0.018235828
1849,0.001821958
1850,0.000803927
1851,0.00053259
1852,0.00087273
1853,0.002808359
1854,0.001571586
1855,0.000257842
1856,0.001935672
1857,0.03069185
1858,0.000331992
1859,0.001370661
1860,0.024151754
1861,0.002478612
1862,0.001552198
1863,0.35978036
1864,0.000355787
1865,0.001857382
1866,0.028954501
1867,0.014902296
1868,0.001717666
1869,0.000549057
1870,0.01598531
1871,0.002858499
1872,0.005562917
1873,0.001114614
1874,0.002435853
1875,0.000713851
1876,0.019720141
1877,0.000299573
1878,0.030693667
1879,0.052329412
1880,0.006558266
1881,0.004362292
1882,0.302649096
1883,0.068059041
1884,0.001018747
1885,0.691796755
1886,0.001648126
1887,0.025521595
1888,0.01940039
1889,0.000985141
1890,0.003033011
1891,0.010466829
1892,0.000530246
1893,0.000334307
1894,0.015702395
1895,0.005852798
1896,0.002219612
1897,0.000470868
1898,0.000365568
1899,0.003900913
1900,0.000309681
1901,0.001539085
1902,0.000551943
1903,0.000746213
1904,0.001701192
1905,0.012297767
1906,0.000283294
1907,0.000462001
1908,0.001385689
1909,0.000565218
1910,0.000730076
1911,0.001786583
1912,0.000579599
1913,0.000362801
1914,0.000559278
1915,0.000234735
1916,0.00143267
1917,0.026979707
1918,0.000463988
1919,0.017148845
1920,0.00899417
1921,0.005052611
1922,0.0135568
1923,0.000487495
1924,0.001172995
1925,0.158109632
1926,0.029990407
1927,0.001454367
1928,0.007456026
1929,0.024715335
1930,0.007943351
1931,0.022274567
1932,0.000744843
1933,0.000725746
1934,0.014894076
1935,0.002358378
1936,0.000342471
1937,0.001771824
1938,0.17150998
1939,0.000490967
1940,0.002773279
1941,0.000919718
1942,0.000788772
1943,0.010080479
1944,0.000237258
1945,0.000307135
1946,0.012489973
1947,0.004596108
1948,0.017759451
1949,0.000383669
1950,0.046162681
1951,0.001336715
1952,0.000298536
1953,0.001485606
1954,0.000986089
1955,0.001615419
1956,0.001172137
1957,0.000302513
1958,0.000287427
1959,0.0007335
1960,0.002135923
1961,0.00037534
1962,0.075119866
1963,0.000313943
1964,0.000442449
1965,0.000315847
1966,0.001529669
1967,0.002645105
1968,0.002280866
1969,0.005898521
1970,0.001595369
1971,0.032734102
1972,0.338499064
1973,0.000365649
1974,0.000713728
1975,0.000324389
1976,0.112256205
1977,0.002516011
1978,0.000291625
1979,0.000410812
1980,0.000304141
1981,0.000270457
1982,0.364140157
1983,0.001660067
1984,0.001319023
1985,0.002404524
1986,0.001454256
1987,0.010904539
1988,0.001071174
1989,0.000293197
1990,0.031863132
1991,0.000869291
1992,0.00047998
1993,0.001129769
1994,0.009608955
1995,0.000433334
1996,0.00401044
1997,0.000280244
1998,0.003030301
1999,0.002688936
2000,0.001319517
2001,0.000276366
2002,0.001158898
2003,0.015222923
2004,0.000290416
2005,0.000784515
2006,0.00039822
2007,0.000757542
2008,0.004280592
2009,0.002864495
2010,0.008317525
2011,0.001011872
2012,0.038554642
2013,0.009474071
2014,0.000341553
2015,0.000439478
2016,0.001213488
2017,0.014699089
2018,0.000286457
2019,0.342010289
2020,0.004224373
2021,0.000509772
2022,0.000476351
2023,0.002079155
2024,0.001646323
2025,0.099270857
2026,0.00240187
2027,0.008643296
2028,0.092240809
2029,0.000570406
2030,0.007608134
2031,0.00040768
2032,0.001497348
2033,0.014944281
2034,0.000376446
2035,0.000308465
2036,0.000886592
2037,0.021411466
2038,0.003053298
2039,0.002778414
2040,0.000669979
2041,0.000306828
2042,0.002028145
2043,0.000630251
2044,0.001040001
2045,0.052724216
2046,0.015191598
2047,0.001305656
2048,0.049035338
2049,0.012104569
2050,0.1375592
2051,0.000344901
2052,0.000516227
2053,0.026692882
2054,0.009232356
2055,0.015976384
2056,0.007632075
2057,0.015837184
2058,0.003248919
2059,0.000715742
2060,0.009189762
2061,0.006211913
2062,0.088572006
2063,0.000478494
2064,0.006425269
2065,0.009538409
2066,0.000369916
2067,0.000632457
2068,0.001781557
2069,0.000283992
2070,0.000258115
2071,0.001939629
2072,0.009124626
2073,0.002461919
2074,0.003311865
2075,0.00344669
2076,0.010000184
2077,0.05608241
2078,0.003576982
2079,0.005690364
2080,0.001008438
2081,0.001094693
2082,0.063827739
2083,0.023880809
2084,0.000324742
2085,0.00449141
2086,0.001921452
2087,0.000553469
2088,0.05498131
2089,0.001020083
2090,0.000993857
2091,0.000754715
2092,0.000528777
2093,0.042453306
2094,0.001179436
2095,0.000301583
2096,0.0014517
2097,0.001287987
2098,0.015128601
2099,0.00136533
2100,0.000401503
2101,0.000413992
2102,0.000645173
2103,0.002912499
2104,0.000673106
2105,0.000474298
2106,0.013125667
2107,0.003509064
2108,0.000250069
2109,0.022075131
2110,0.000608693
2111,0.0008609
2112,0.000277354
2113,0.001089617
2114,0.000789177
2115,0.000457595
2116,0.000347788
2117,0.03643941
2118,0.047284904
2119,0.000351352
2120,0.004237541
2121,0.010116309
2122,0.000774251
2123,0.035594899
2124,0.000827214
2125,0.001703752
2126,0.01679181
2127,0.043303555
2128,0.033606101
2129,0.019444624
2130,0.001165167
2131,0.011735344
2132,0.002322846
2133,0.009213145
2134,0.067682465
2135,0.01149478
2136,0.005913605
2137,0.000668724
2138,0.000334036
2139,0.027317882
2140,0.000312407
2141,0.012084147
2142,0.006312357
2143,0.016589689
2144,0.00297789
2145,0.000442122
2146,0.006007112
2147,0.018050352
2148,0.044244147
2149,0.000354761
2150,0.000595662
2151,0.029301568
2152,0.00112447
2153,0.000354841
2154,0.017952452
2155,0.002075518
2156,0.000829787
2157,0.011783186
2158,0.00452156
2159,0.002436114
2160,0.001344313
2161,0.004324328
2162,0.026039121
2163,0.000671387
2164,0.013053364
2165,0.017888442
2166,0.000815633
2167,0.001957724
2168,0.000280251
2169,0.000346524
2170,0.011233944
2171,0.004721291
2172,0.000714513
2173,0.003162732
2174,0.000654804
2175,0.013014248
2176,0.014610337
2177,0.018880951
2178,0.003423946
2179,0.001477394
2180,0.016275458
2181,0.000445053
2182,0.000329716
2183,0.002534831
2184,0.000767345
2185,0.012385683
2186,0.008774902
2187,0.002491331
2188,0.101857548
2189,0.040150258
2190,0.000653161
2191,0.001948144
2192,0.000525287
2193,0.001255081
2194,0.001448656
2195,0.006615778
2196,0.000289196
2197,0.006153153
2198,0.000493723
2199,0.000742356
2200,0.000668979
2201,0.000278505
2202,0.008833186
2203,0.015749142
2204,0.012737697
2205,0.0011302
2206,0.001228156
2207,0.005703683
2208,0.005232982
2209,0.000553
2210,0.00585795
2211,0.000287231
2212,0.000693991
2213,0.000583129
2214,0.037348294
2215,0.001471182
2216,0.00133469
2217,0.02711575
2218,0.001004768
2219,0.001210307
2220,0.006557385
2221,0.00082547
2222,0.003852469
2223,0.005839345
2224,0.005974802
2225,0.000411814
2226,0.020704485
2227,0.008898812
2228,0.002163149
2229,0.002470007
2230,0.054300931
2231,0.000753895
2232,0.000649063
2233,0.000354465
2234,0.013791001
2235,0.014034193
2236,0.009097196
2237,0.018046132
2238,0.003601854
2239,0.000235524
2240,0.000365878
2241,0.01146226
2242,0.057450589
2243,0.006411957
2244,0.001412258
2245,0.040284911
2246,0.007157868
2247,0.001366405
2248,0.015925428
2249,0.000465016
2250,0.001187542
2251,0.009466878
2252,0.027356659
2253,0.000339953
2254,0.000542631
2255,0.020704485
2256,0.011489804
2257,0.000773708
2258,0.006369131
2259,0.000636614
2260,0.000355023
2261,0.001269372
2262,0.714304989
2263,0.028127667
2264,0.001481191
2265,0.012357188
2266,0.001045915
2267,0.029096554
2268,0.005811136
2269,0.000967435
2270,0.000345344
2271,0.00192925
2272,0.000274446
2273,0.000281617
2274,0.005588117
2275,0.026058669
2276,0.019272693
2277,0.000593601
2278,0.001683666
2279,0.001341247
2280,0.000305102
2281,0.005674952
2282,0.304461757
2283,0.020867628
2284,0.002025974
2285,0.021954276
2286,0.003418787
2287,0.005471591
2288,0.000477216
2289,0.000390507
2290,0.001094729
2291,0.00025848
2292,0.000814228
2293,0.00106724
2294,0.008904976
2295,0.025943641
2296,0.021320754
2297,0.00046213
2298,0.00733281
2299,0.000331273
2300,0.215759405
2301,0.000905161
2302,0.000391807
2303,0.001031816
2304,0.000555933
2305,0.000813114
2306,0.021385259
2307,0.000984411
2308,0.005314091
2309,0.000794476
2310,0.000262705
2311,0.000267139
2312,0.000283566
2313,0.000311876
2314,0.003632694
2315,0.00067648
2316,0.000509062
2317,0.000767254
2318,0.016221518
2319,0.002313721
2320,0.459030604
2321,0.001748153
2322,0.000884058
2323,0.004300637
2324,0.00598891
2325,0.587894539
2326,0.000420326
2327,0.001718244
2328,0.001356438
2329,0.001078152
2330,0.014091908
2331,0.002343967
2332,0.000824589
2333,0.002934037
2334,0.003406659
2335,0.015390596
2336,0.000540045
2337,0.046133801
2338,0.072464397
2339,0.000367958
2340,0.000307485
2341,0.00443739
2342,0.000334115
2343,0.030086671
2344,0.002674478
2345,0.000554754
2346,0.04353928
2347,0.003286564
2348,0.0004076
2349,0.023922594
2350,0.004259214
2351,0.000736144
2352,0.000639114
2353,0.029479285
2354,0.028572732
2355,0.001296174
2356,0.025219992
2357,0.000917118
2358,0.002517493
2359,0.001919638
2360,0.001499713
2361,0.19705673
2362,0.000386805
2363,0.015476945
2364,0.001530768
2365,0.024558663
2366,0.027233305
2367,0.000675489
2368,0.000413037
2369,0.016029592
2370,0.003525402
2371,0.00710759
2372,0.000605917
2373,0.107630612
2374,0.000249243
2375,0.000287556
2376,0.002817301
2377,0.000451124
2378,0.00041028
2379,0.000426663
2380,0.001652917
2381,0.003364179
2382,0.001046435
2383,0.001727877
2384,0.000218327
2385,0.034312455
2386,0.089645792
2387,0.048318539
2388,0.001809183
2389,0.00464318
2390,0.001303212
2391,0.000378851
2392,0.000496708
2393,0.020708697
2394,0.000576847
2395,0.028702719
2396,0.000486292
2397,0.001550824
2398,0.000661341
2399,0.000296364
2400,0.000322545
2401,0.485515853
2402,0.016354116
2403,0.001945091
2404,0.007017594
2405,0.000285386
2406,0.000614397
2407,0.008455574
2408,0.000375948
2409,0.021826177
2410,0.000359289
2411,0.000315207
2412,0.0002598
2413,0.011959212
2414,0.000404011
2415,0.021886879
2416,0.00274299
2417,0.000422434
2418,0.000407
2419,0.001653546
2420,0.00355256
2421,0.000554566
2422,0.003697906
2423,0.029476686
2424,0.000373191
2425,0.008177873
2426,0.016109984
2427,0.000309004
2428,0.004662442
2429,0.008336961
2430,0.000929923
2431,0.006125985
2432,0.010087718
2433,0.000254978
2434,0.035457232
2435,0.001375475
2436,0.000409587
2437,0.00126416
2438,0.000429159
2439,0.011920212
2440,0.001133424
2441,0.025529928
2442,0.023305968
2443,0.168030306
2444,0.654885621
2445,0.000517642
2446,0.009861496
2447,0.018344782
2448,0.000273539
2449,0.031918331
2450,0.003416542
2451,0.000524352
2452,0.336263251
2453,0.00106283
2454,0.014558146
2455,0.006459605
2456,0.00285547
2457,0.000778306
2458,0.010035721
2459,0.022732982
2460,0.001344703
2461,0.003383977
2462,0.000466989
2463,0.000557669
2464,0.015892364
2465,0.003151176
2466,0.04736374
2467,0.014692946
2468,0.001985256
2469,0.000431652
2470,0.001582849
2471,0.031559182
2472,0.000380161
2473,0.003986678
2474,0.000458204
2475,0.020173887
2476,0.00032501
2477,0.01075625
2478,0.000269286
2479,0.004253412
2480,0.000517817
2481,0.107271525
2482,0.004004148
2483,0.000472831
2484,0.000514768
2485,0.001953319
2486,0.009144882
2487,0.001932161
2488,0.047398126
2489,0.129068844
2490,0.00275458
2491,0.00032132
2492,0.001467928
2493,0.000253796
2494,0.000671258
2495,0.004454982
2496,0.015528727
2497,0.000417344
2498,0.092541774
2499,0.053984394
2500,0.018445432
2501,0.018893416
2502,0.011813332
2503,0.000304096
2504,0.007920006
2505,0.006478112
2506,0.002992142
2507,0.031518538
2508,0.001665615
2509,0.002355523
2510,0.002231398
2511,0.033019648
2512,0.000315204
2513,0.01485019
2514,0.005549389
2515,0.001228972
2516,0.004436116
2517,0.000423732
2518,0.000508032
2519,0.003080589
2520,0.003507544
2521,0.010304869
2522,0.001939881
2523,0.04741547
2524,0.000581007
2525,0.003386354
2526,0.020844186
2527,0.067029636
2528,0.001454176
2529,0.085759997
2530,0.000285914
2531,0.00568851
2532,0.001013038
2533,0.00258178
2534,0.000345905
2535,0.000511236
2536,0.00034147
2537,0.000571522
2538,0.260830216
2539,0.005138453
2540,0.001083227
2541,0.000301176
2542,0.089455103
2543,0.018366565
2544,0.000481641
2545,0.016007658
2546,0.000631017
2547,0.005038899
2548,0.052479395
2549,0.014367701
2550,0.000957221
2551,0.03420474
2552,0.00029508
2553,0.000682623
2554,0.000717336
2555,0.000461436
2556,0.000374968
2557,0.000353105
2558,0.078105516
2559,0.000347259
2560,0.005977156
2561,0.045962846
2562,0.021120007
2563,0.000382084
2564,0.00521303
2565,0.018493179
2566,0.00025976
2567,0.004287171
2568,0.071679187
2569,0.000432592
2570,0.032111865
2571,0.001360134
2572,0.000301305
2573,0.000331704
2574,0.000292111
2575,0.000785627
2576,0.001930349
2577,0.017979369
2578,0.010844029
2579,0.008503778
2580,0.057686831
2581,0.040434675
2582,0.008941362
2583,0.007408587
2584,0.000315053
2585,0.034247121
2586,0.002222763
2587,0.001027163
2588,0.001517465
2589,0.000290963
2590,0.011483911
2591,0.000381005
2592,0.001616175
2593,0.00839812
2594,0.000461635
2595,0.021642255
2596,0.038542819
2597,0.001232481
2598,0.114331645
2599,0.001017236
2600,0.001782646
2601,0.113679417
2602,0.019090548
2603,0.008434495
2604,0.000293475
2605,0.000416701
2606,0.000893076
2607,0.000499603
2608,0.000986281
2609,0.000599327
2610,0.000244774
2611,0.002138437
2612,0.000539176
2613,0.015446774
2614,0.000571338
2615,0.000931209
2616,0.023738163
2617,0.000248808
2618,0.13350616
2619,0.138787009
2620,0.00035955
2621,0.007861613
2622,0.000699674
2623,0.000347076
2624,0.00198148
2625,0.001220263
2626,0.001883957
2627,0.000462511
2628,0.001501141
2629,0.000604758
2630,0.000578136
2631,0.011461302
2632,0.012239407
2633,0.00036685
2634,0.000616439
2635,0.002771252
2636,0.003960244
2637,0.005823788
2638,0.038238453
2639,0.000972142
2640,0.001808751
2641,0.000857137
2642,0.000499122
2643,0.000875844
2644,0.002764629
2645,0.000370393
2646,0.000259271
2647,0.002601038
2648,0.000637325
2649,0.000475844
2650,0.030486427
2651,0.001206825
2652,0.004201598
2653,0.00055889
2654,0.000302557
2655,0.002062428
2656,0.00157312
2657,0.000444122
2658,0.000541945
2659,0.005465515
2660,0.000492222
2661,0.000449998
2662,0.027682807
2663,0.000426869
2664,0.01857255
2665,0.000772597
2666,0.000285474
2667,0.000858168
2668,0.000548077
2669,0.001981935
2670,0.00298883
2671,0.050330241
2672,0.00111832
2673,0.017821434
2674,0.001193868
2675,0.000379095
2676,0.000305162
2677,0.032768447
2678,0.001512135
2679,0.000258605
2680,0.000497864
2681,0.000282006
2682,0.000400938
2683,0.001298648
2684,0.001869366
2685,0.006972143
2686,0.000693277
2687,0.003260086
2688,0.007893891
2689,0.000872926
2690,0.006313264
2691,0.12435319
2692,0.001878302
2693,0.002339401
2694,0.002430362
2695,0.000838097
2696,0.02168049
2697,0.026627788
2698,0.000229494
2699,0.166255867
2700,0.010383235
2701,0.003612923
2702,0.025381641
2703,0.000673261
2704,0.037326246
2705,0.000474587
2706,0.017421712
2707,0.000774499
2708,0.01971178
2709,0.231619677
2710,0.000613182
2711,0.006586176
2712,0.003673222
2713,0.00171215
2714,0.014495799
2715,0.002866101
2716,0.001758621
2717,0.023385439
2718,0.001314896
2719,0.000952873
2720,0.000382209
2721,0.004993209
2722,0.001558562
2723,0.018124513
2724,0.006891114
2725,0.020570039
2726,0.050399624
2727,0.002667763
2728,0.001754555
2729,0.036721782
2730,0.003916935
2731,0.001072528
2732,0.009372866
2733,0.00430299
2734,0.009267145
2735,0.000527884
2736,0.001352017
2737,0.004134335
2738,0.001443295
2739,0.000656842
2740,0.001216351
2741,0.040009353
2742,0.000852067
2743,0.083283487
2744,0.01162799
2745,0.02729453
2746,0.023197059
2747,0.011096477
2748,0.001680253
2749,0.02234028
2750,0.017014504
2751,0.00378029
2752,0.000453714
2753,0.000267528
2754,0.000507845
2755,0.016873008
2756,0.000233479
2757,0.001891378
2758,0.002554623
2759,0.00438783
2760,0.001066228
2761,0.002968179
2762,0.025827875
2763,0.007571965
2764,0.001805867
2765,0.005588519
2766,0.000959036
2767,0.001351118
2768,0.000465623
2769,0.000560562
2770,0.020531939
2771,0.001450284
2772,0.015470657
2773,0.001780097
2774,0.000270354
2775,0.048236946
2776,0.000443677
2777,0.021081024
2778,0.012307354
2779,0.000579075
2780,0.00169116
2781,0.00082617
2782,0.012945697
2783,0.005208077
2784,0.002799187
2785,0.006832621
2786,0.008876902
2787,0.009284121
2788,0.038604824
2789,0.009337618
2790,0.01166072
2791,0.000865859
2792,0.001777495
2793,0.000556069
2794,0.000842019
2795,0.026592732
2796,0.000402987
2797,0.00332128
2798,0.001538135
2799,0.019154037
2800,0.000446409
2801,0.002033856
2802,0.003205227
2803,0.00050715
2804,0.001173652
2805,0.088924347
2806,0.001133179
2807,0.000269845
2808,0.003219234
2809,0.000331628
2810,0.000328343
2811,0.002822075
2812,0.003813034
2813,0.000220824
2814,0.000668606
2815,0.001189318
2816,0.004130722
2817,0.000476168
2818,0.003707958
2819,0.023419181
2820,0.007293401
2821,0.016305874
2822,0.000336703
2823,0.02363828
2824,0.000448768
2825,0.004309048
2826,0.004572672
2827,0.003356228
2828,0.016783232
2829,0.00219464
2830,0.000802834
2831,0.080539846
2832,0.001360749
2833,0.000858666
2834,0.002858634
2835,0.090613292
2836,0.011190697
2837,0.002081352
2838,0.00253963
2839,0.001238504
2840,0.001387
2841,0.042750027
2842,0.002748916
2843,0.000304441
2844,0.002655123
2845,0.0008941
2846,0.002866856
2847,0.000306987
2848,0.002970002
2849,0.004133871
2850,0.000354224
2851,0.000573471
2852,0.000851943
2853,0.003131194
2854,0.000254011
2855,0.017209746
2856,0.034352566
2857,0.028133541
2858,0.002919725
2859,0.017532515
2860,0.012914576
2861,0.002068665
2862,0.007788937
2863,0.000558189
2864,0.00067186
2865,0.000844316
2866,0.00362101
2867,0.00034367
2868,0.001321565
2869,0.041230266
2870,0.113703248
2871,0.008068883
2872,0.001388532
2873,0.006336777
2874,0.000310207
2875,0.000616436
2876,0.000724325
2877,0.064113296
2878,0.000404966
2879,0.000344139
2880,0.000510042
2881,0.001337496
2882,0.000842313
2883,0.000788931
2884,0.004796266
2885,0.000473327
2886,0.000399264
2887,0.060956448
2888,0.011430996
2889,0.034153457
2890,0.000332996
2891,0.000336002
2892,0.00873074
2893,0.000846524
2894,0.000509235
2895,0.00734052
2896,0.002923571
2897,0.00068833
2898,0.013843392
2899,0.001797992
2900,0.043965145
2901,0.012385105
2902,0.001329344
2903,0.001350157
2904,0.024700449
2905,0.00124457
2906,0.010488953
2907,0.010892531
2908,0.010226508
2909,0.083486712
2910,0.000513516
2911,0.001583784
2912,0.000416184
2913,0.000657728
2914,0.000950743
2915,0.017648048
2916,0.01646933
2917,0.000584609
2918,0.015170862
2919,0.007382573
2920,0.034004797
2921,0.004749763
2922,0.000335038
2923,0.000412078
2924,0.01788677
2925,0.101020618
2926,0.002783879
2927,0.00164004
2928,0.003384476
2929,0.006136136
2930,0.025752929
2931,0.015199987
2932,0.005981619
2933,0.050145118
2934,0.000433749
2935,0.039511458
2936,0.000495337
2937,0.000656354
2938,0.000909502
2939,0.000500933
2940,0.022410966
2941,0.00601171
2942,0.001028792
2943,0.007921628
2944,0.069155961
2945,0.001902125
2946,0.104288152
2947,0.006894642
2948,0.000334619
2949,0.000813625
2950,0.000214099
2951,0.001261495
2952,0.002906028
2953,0.009257405
2954,0.03531698
2955,0.000322353
2956,0.034012744
2957,0.000285817
2958,0.001092129
2959,0.00131463
2960,0.048664377
2961,0.001678423
2962,0.000658482
2963,0.000389798
2964,0.024242616
2965,0.002060336
2966,0.000291931
2967,0.035136638
2968,0.001930033
2969,0.000564498
2970,0.454031303
2971,0.00164605
2972,0.0008549
2973,0.012475732
2974,0.000464405
2975,0.000500711
2976,0.011086491
2977,0.009029318
2978,0.008888346
2979,0.001576201
2980,0.140647638
2981,0.000499561
2982,0.015964035
2983,0.001013652
2984,0.011994781
2985,0.002665984
2986,0.015313473
2987,0.000312676
2988,0.063295352
2989,0.000380483
2990,0.02764422
2991,0.060244023
2992,0.000393501
2993,0.000542319
2994,0.000780493
2995,0.019972159
2996,0.000525608
2997,0.000725663
2998,0.000756325
2999,0.001796351
3000,0.002700277
3001,0.01237387
3002,0.000751441
3003,0.000703279
3004,0.112592493
3005,0.054494153
3006,0.008387075
3007,0.000306563
3008,0.002386124
3009,0.001012831
3010,0.000386569
3011,0.015004579
3012,0.002563581
3013,0.064607873
3014,0.00087906
3015,0.018452306
3016,0.029630279
3017,0.038109544
3018,0.024436579
3019,0.00036355
3020,0.000281625
3021,0.000438596
3022,0.000923289
3023,0.000810149
3024,0.039415446
3025,0.0378882
3026,0.000522367
3027,0.000232241
3028,0.005167794
3029,0.023231613
3030,0.000757837
3031,0.000492184
3032,0.000351412
3033,0.0003666
3034,0.003600406
3035,0.042707868
3036,0.000511225
3037,0.055524445
3038,0.049110647
3039,0.000289941
3040,0.027036036
3041,0.043538618
3042,0.039355146
3043,0.000371909
3044,0.007213039
3045,0.022980662
3046,0.000767073
3047,0.028043451
3048,0.00412228
3049,0.00070259
3050,0.026977588
3051,0.00776887
3052,0.000488406
3053,0.092977717
3054,0.000959208
3055,0.000343883
3056,0.000346114
3057,0.001432695
3058,0.002682461
3059,0.001166726
3060,0.030726104
3061,0.002413911
3062,0.001681726
3063,0.00075459
3064,0.000888422
3065,0.000337057
3066,0.019650438
3067,0.00039852
3068,0.000781906
3069,0.000308524
3070,0.000311158
3071,0.011382582
3072,0.009353683
3073,0.000386695
3074,0.029153194
3075,0.00083693
3076,0.005267183
3077,0.022154686
3078,0.002145386
3079,0.003868585
3080,0.000316871
3081,0.000837736
3082,0.000975932
3083,0.001473249
3084,0.000464189
3085,0.00066342
3086,0.001396699
3087,0.014874951
3088,0.020006235
3089,0.000383192
3090,0.004478334
3091,0.020756669
3092,0.002527762
3093,0.000969165
3094,0.004442084
3095,0.036147203
3096,0.004694923
3097,0.005742601
3098,0.005882035
3099,0.000307502
3100,0.049633281
3101,0.013833354
3102,0.004562539
3103,0.001818642
3104,0.000736591
3105,0.00063824
3106,0.004160544
3107,0.012362191
3108,0.000424657
3109,0.0020318
3110,0.000892948
3111,0.001470765
3112,0.005431783
3113,0.057368082
3114,0.000687302
3115,0.001420484
3116,0.003610369
3117,0.000564225
3118,0.002493797
3119,0.003913427
3120,0.005390342
3121,0.001575398
3122,0.006935134
3123,0.017563695
3124,0.011165858
3125,0.000723983
3126,0.025273512
3127,0.000776791
3128,0.001118213
3129,0.000578546
3130,0.000363919
3131,0.004257841
3132,0.001062094
3133,0.000295038
3134,0.00226304
3135,0.01918953
3136,0.024674106
3137,0.000696745
3138,0.000476345
3139,0.031104683
3140,0.015351978
3141,0.000438331
3142,0.069590633
3143,0.03349696
3144,0.001568276
3145,0.001231729
3146,0.021052481
3147,0.000409877
3148,0.000446882
3149,0.023243541
3150,0.025984016
3151,0.024755439
3152,0.074862862
3153,0.000546952
3154,0.007187265
3155,0.002883926
3156,0.034598158
3157,0.098020526
3158,0.004808225
3159,0.001017135
3160,0.001163698
3161,0.000947533
3162,0.001257953
3163,0.000998678
3164,0.070034475
3165,0.147297431
3166,0.001042906
3167,0.010926029
3168,0.020772842
3169,0.001011332
3170,0.002356854
3171,0.01027598
3172,0.000412871
3173,0.002066192
3174,0.022004219
3175,0.005438672
3176,0.016943895
3177,0.049249525
3178,0.000572175
3179,0.006277431
3180,0.001851842
3181,0.0021035
3182,0.005575243
3183,0.023826017
3184,0.00194335
3185,0.000489357
3186,0.000647611
3187,0.000298095
3188,0.003687759
3189,0.089654266
3190,0.001532815
3191,0.008492254
3192,0.009391882
3193,0.010870211
3194,0.00054031
3195,0.000527703
3196,0.114027517
3197,0.001348895
3198,0.001497406
3199,0.000320279
3200,0.002311031
3201,0.061841883
3202,0.041066947
3203,0.005210297
3204,0.033246581
3205,0.000960903
3206,0.000422809
3207,0.021528388
3208,0.01088197
3209,0.027099589
3210,0.000675212
3211,0.001990942
3212,0.015393628
3213,0.0002967
3214,0.001156273
3215,0.007566045
3216,0.003346479
3217,0.014703466
3218,0.028326523
3219,0.001586596
3220,0.006289851
3221,0.043172426
3222,0.00026878
3223,0.023548186
3224,0.024372115
3225,0.025465416
3226,0.02407066
3227,0.000632798
3228,0.023800882
3229,0.003678462
3230,0.000275398
3231,0.023541581
3232,0.000299657
3233,0.028977379
3234,0.004634771
3235,0.002718171
3236,0.002651785
3237,0.012093093
3238,0.000292779
3239,0.003889396
3240,0.004721423
3241,0.000332751
3242,0.000564075
3243,0.009819285
3244,0.007381739
3245,0.010444478
3246,0.001519853
3247,0.000880458
3248,0.031647815
3249,0.016317711
3250,0.000425418
3251,0.047329349
3252,0.044220153
3253,0.233981445
3254,0.000475195
3255,0.011212105
3256,0.003759047
3257,0.756760089
3258,0.001830188
3259,0.00060807
3260,0.008549287
3261,0.000968537
3262,0.000517907
3263,0.000237126
3264,0.001316617
3265,0.000416902
3266,0.000247108
3267,0.000752647
3268,0.107130872
3269,0.00165195
3270,0.264210534
3271,0.010982881
3272,0.008930004
3273,0.003816348
3274,0.001666093
3275,0.000855058
3276,0.003761314
3277,0.044707235
3278,0.028692127
3279,0.000522434
3280,0.01428195
3281,0.012205661
3282,0.000768489
3283,0.000910409
3284,0.000772105
3285,0.001141966
3286,0.005532329
3287,0.000472033
3288,0.001221178
3289,0.046200385
3290,0.054658334
3291,0.015957932
3292,0.001610035
3293,0.003761072
3294,0.003972787
3295,0.024567799
3296,0.000453938
3297,0.046488743
3298,0.004615739
3299,0.000254664
3300,0.00038575
3301,0.000854923
3302,0.000337354
3303,0.000319269
3304,0.594091615
3305,0.002077414
3306,0.023882864
3307,0.000373092
3308,0.003403119
3309,0.029151821
3310,0.080444547
3311,0.023056491
3312,0.000754235
3313,0.00043113
3314,0.00178356
3315,0.001451425
3316,0.000595024
3317,0.00151025
3318,0.000490389
3319,0.00180951
3320,0.006698812
3321,0.047295205
3322,0.000603609
3323,0.079862007
3324,0.001278566
3325,0.001540758
3326,0.015977285
3327,0.003402263
3328,0.200618861
3329,0.001075618
3330,0.001219386
3331,0.000228506
3332,0.002350966
3333,0.002215266
3334,0.001043359
3335,0.003972603
3336,0.003615248
3337,0.044259043
3338,0.008094699
3339,0.002573651
3340,0.017100757
3341,0.348323604
3342,0.005764669
3343,0.000688677
3344,0.000534397
3345,0.019426436
3346,0.005502854
3347,0.000890473
3348,0.016694718
3349,0.017925437
3350,0.000259914
3351,0.000746963
3352,0.000379795
3353,0.001764259
3354,0.032795101
3355,0.011276027
3356,0.001291086
3357,0.001988124
3358,0.000603995
3359,0.000348022
3360,0.001226182
3361,0.172156393
3362,0.000409956
3363,0.00110634
3364,0.0003832
3365,0.000278794
3366,0.000404166
3367,0.014094108
3368,0.001374794
3369,0.000511019
3370,0.002809067
3371,0.001612272
3372,0.009968316
3373,0.011046256
3374,0.184375865
3375,0.016562327
3376,0.000216492
3377,0.002220441
3378,0.000281688
3379,0.002469271
3380,0.001960875
3381,0.000397142
3382,0.005804279
3383,0.013152158
3384,0.000504104
3385,0.00104824
3386,0.000472096
3387,0.000833178
3388,0.002536649
3389,0.559867007
3390,0.000693988
3391,0.001130535
3392,0.019067815
3393,0.006704089
3394,0.001917985
3395,0.000882697
3396,0.016079823
3397,0.000782103
3398,0.000465812
3399,0.034508874
3400,0.028082578
3401,0.031670241
3402,0.262144499
3403,0.000838831
3404,0.005997987
3405,0.118135263
3406,0.001796436
3407,0.014377739
3408,0.010298985
3409,0.009665819
3410,0.00300777
3411,0.000843029
3412,0.000315846
3413,0.004766821
3414,0.000262162
3415,0.001656123
3416,0.024867096
3417,0.000616073
3418,0.233891046
3419,0.000299965
3420,0.006812565
3421,0.001078418
3422,0.074319535
3423,0.001388979
3424,0.000355931
3425,0.000757835
3426,0.005306228
3427,0.000350683
3428,0.001736044
3429,0.044341474
3430,0.000923264
3431,0.013915435
3432,0.002890294
3433,0.184693026
3434,0.076631657
3435,0.269488714
3436,0.395158792
3437,0.006971657
3438,0.000291456
3439,0.003106265
3440,0.041322244
3441,0.00078612
3442,0.001230604
3443,0.000677178
3444,0.000337491
3445,0.011948473
3446,0.000443949
3447,0.016668431
3448,0.001254085
3449,0.003895897
3450,0.000376358
3451,0.071835623
3452,0.039382415
3453,0.001108553
3454,0.026934436
3455,0.001287442
3456,0.000812133
3457,0.024855006
3458,0.002871313
3459,0.002839261
3460,0.003420414
3461,0.002618975
3462,0.000596849
3463,0.000278325
3464,0.00046601
3465,0.001121748
3466,0.000663215
3467,0.000967823
3468,0.001165112
3469,0.000279369
3470,0.046337454
3471,0.000320497
3472,0.014122475
3473,0.006920801
3474,0.001105309
3475,0.03319032
3476,0.000625563
3477,0.000475226
3478,0.000970388
3479,0.122860504
3480,0.006558466
3481,0.043782656
3482,0.000928896
3483,0.000318621
3484,0.009286568
3485,0.00086539
3486,0.000776531
3487,0.020347316
3488,0.000378833
3489,0.000857749
3490,0.000539215
3491,0.025936907
3492,0.000412304
3493,0.000504377
3494,0.003760489
3495,0.061274291
3496,0.009591751
3497,0.000275476
3498,0.007197947
3499,0.002568877
3500,0.026144363
3501,0.001123551
3502,0.00055784
3503,0.001033354
3504,0.000241503
3505,0.002877126
3506,0.0424207
3507,0.022444561
3508,0.005321701
3509,0.000479764
3510,0.013893731
3511,0.018592147
3512,0.01268751
3513,0.00742462
3514,0.000794665
3515,0.0005635
3516,0.05858969
3517,0.000677517
3518,0.001773132
3519,0.000423259
3520,0.153925066
3521,0.000323111
3522,0.101142181
3523,0.000933987
3524,0.000489386
3525,0.001410468
3526,0.000953349
3527,0.013668921
3528,0.013380799
3529,0.083332932
3530,0.000906746
3531,0.001324488
3532,0.001682711
3533,0.001029878
3534,0.041010338
3535,0.013967932
3536,0.042149533
3537,0.00028087
3538,0.000898893
3539,0.000625348
3540,0.002306431
3541,0.000415281
3542,0.001539499
3543,0.000923411
3544,0.000672587
3545,0.000267272
3546,0.001133159
3547,0.002830813
3548,0.002231913
3549,0.001402961
3550,0.000481446
3551,0.00099544
3552,0.000478292
3553,0.007635036
3554,0.000681102
3555,0.00038568
3556,0.000367107
3557,0.000930912
3558,0.000770839
3559,0.014664347
3560,0.000372248
3561,0.03985211
3562,0.000412837
3563,0.000644518
3564,0.000427931
3565,0.000342904
3566,0.0009386
3567,0.000724383
3568,0.029234469
3569,0.000255669
3570,0.00245469
3571,0.000571451
3572,0.001929095
3573,0.01630918
3574,0.000520918
3575,0.012540588
3576,0.016539865
3577,0.003686822
3578,0.000332929
3579,0.023192122
3580,0.001878613
3581,0.000298272
3582,0.000908449
3583,0.00047293
3584,0.002766607
3585,0.004940121
3586,0.007658238
3587,0.000329617
3588,0.003981067
3589,0.005659602
3590,0.000289665
3591,0.008196609
3592,0.004167709
3593,0.005062238
3594,0.00039317
3595,0.001912779
3596,0.009440107
3597,0.000857336
3598,0.000465072
3599,0.000392708
3600,0.000641827
3601,0.000433004
3602,0.009258354
3603,0.065429925
3604,0.00485317
3605,0.000231278
3606,0.001408046
3607,0.001172658
3608,0.012490773
3609,0.025046409
3610,0.002121761
3611,0.008273892
3612,0.00330098
3613,0.042453037
3614,0.000304338
3615,0.908469147
3616,0.031393555
3617,0.000645425
3618,0.000380537
3619,0.25277157
3620,0.000851398
3621,0.0002893
3622,0.081744372
3623,0.177086435
3624,0.005805874
3625,0.008335872
3626,0.021363695
3627,0.001947945
3628,0.004817445
3629,0.001316392
3630,0.000515924
3631,0.000695835
3632,0.001498745
3633,0.000623465
3634,0.000297124
3635,0.000534683
3636,0.013832184
3637,0.003283226
3638,0.000340183
3639,0.001757706
3640,0.000723034
3641,0.000301499
3642,0.000794244
3643,0.000468979
3644,0.046950733
3645,0.066438675
3646,0.152766595
3647,0.000760593
3648,0.005656231
3649,0.005313805
3650,0.001450001
3651,0.000732329
3652,0.023216216
3653,0.008259
3654,0.00207944
3655,0.000617732
3656,0.047334725
3657,0.000967771
3658,0.061146865
3659,0.002004788
3660,0.000557874
3661,0.22434471
3662,0.001018154
3663,0.016947033
3664,0.000550093
3665,0.000788315
3666,0.007759762
3667,0.001342828
3668,0.008628839
3669,0.000403029
3670,0.018376838
3671,0.001386775
3672,0.000987436
3673,0.001009533
3674,0.002761663
3675,0.000841705
3676,0.000709206
3677,0.001139916
3678,0.001415284
3679,0.000731614
3680,0.000404981
3681,0.002141132
3682,0.160201992
3683,0.035419429
3684,0.000432792
3685,0.000484385
3686,0.020921902
3687,0.012891723
3688,0.000654817
3689,0.000300965
3690,0.000304916
3691,0.004361319
3692,0.006715449
3693,0.000220393
3694,0.001189344
3695,0.002293754
3696,0.001083165
3697,0.022019934
3698,0.001140543
3699,0.000346304
3700,0.010171773
3701,0.003725954
3702,0.000241998
3703,0.049634957
3704,0.002661146
3705,0.006134834
3706,0.000244487
3707,0.015847951
3708,0.015313712
3709,0.000823079
3710,0.000389646
3711,0.002812112
3712,0.000991835
3713,0.001784469
3714,0.002827437
3715,0.000335038
3716,0.000526105
3717,0.033612042
3718,0.001175114
3719,0.013933711
3720,0.022813945
3721,0.012360674
3722,0.000906886
3723,0.001158422
3724,0.001935183
3725,0.001700616
3726,0.021668571
3727,0.001069996
3728,0.061017031
3729,0.042218903
3730,0.035739158
3731,0.000369825
3732,0.000594764
3733,0.0304416
3734,0.001778486
3735,0.009801429
3736,0.003375973
3737,0.320643074
3738,0.012084131
3739,0.00074679
3740,0.034427268
3741,0.13393993
3742,0.042444095
3743,0.023487932
3744,0.003835555
3745,0.000358876
3746,0.011017593
3747,0.00030167
3748,0.002085356
3749,0.008731652
3750,0.002252825
3751,0.000582216
3752,0.000773855
3753,0.011506125
3754,0.001126788
3755,0.963663288
3756,0.228298805
3757,0.00074296
3758,0.000936089
3759,0.000473466
3760,0.000295963
3761,0.000302809
3762,0.017574163
3763,0.000935859
3764,0.000434392
3765,0.01542326
3766,0.0048345
3767,0.000307412
3768,0.008366561
3769,0.002841341
3770,0.001609491
3771,0.016540889
3772,0.011413305
3773,0.005090282
3774,0.007333259
3775,0.014874155
3776,0.000486396
3777,0.022356759
3778,0.031444054
3779,0.054031386
3780,0.000756131
3781,0.000221281
3782,0.003845704
3783,0.000519651
3784,0.000258164
3785,0.262017019
3786,0.000355223
3787,0.000534088
3788,0.000426869
3789,0.000276877
3790,0.202708508
3791,0.061593903
3792,0.009388391
3793,0.000569856
3794,0.012750879
3795,0.001072257
3796,0.05852604
3797,0.002685743
3798,0.000889433
3799,0.001211116
3800,0.0007778
3801,0.031292436
3802,0.002922147
3803,0.004186861
3804,0.000593331
3805,0.01040476
3806,0.002889644
3807,0.000545047
3808,0.000421973
3809,0.003075231
3810,0.000547638
3811,0.000502018
3812,0.001287719
3813,0.000283885
3814,0.000332236
3815,0.004297877
3816,0.000467725
3817,0.000270988
3818,0.000380073
3819,0.005010184
3820,0.005575364
3821,0.000374341
3822,0.073221799
3823,0.018374026
3824,0.006366608
3825,0.005005381
3826,0.0605611
3827,0.002032868
3828,0.000358742
3829,0.002006215
3830,0.000798022
3831,0.051143618
3832,0.085083552
3833,0.001444513
3834,0.034370319
3835,0.006395359
3836,0.002849183
3837,0.000237806
3838,0.000699003
3839,0.001759127
3840,0.023346904
3841,0.000641409
3842,0.000653691
3843,0.000340042
3844,0.001000709
3845,0.019921043
3846,0.035473849
3847,0.000322942
3848,0.001791088
3849,0.028653186
3850,0.001351231
3851,0.001029774
3852,0.019725041
3853,0.02504225
3854,0.01050109
3855,0.000578306
3856,0.005013515
3857,0.005086382
3858,0.000410461
3859,0.000926523
3860,0.002332956
3861,0.059832117
3862,0.000314035
3863,0.000982686
3864,0.000234673
3865,0.018242667
3866,0.005052147
3867,0.000280319
3868,0.001188967
3869,0.02035647
3870,0.00029025
3871,0.005506159
3872,0.000306989
3873,0.001907501
3874,0.00943978
3875,0.012295077
3876,0.008921083
3877,0.000456831
3878,0.000316713
3879,0.000515909
3880,0.000794164
3881,0.001614543
3882,0.032951995
3883,0.003960443
3884,0.000370957
3885,0.025660965
3886,0.009606494
3887,0.020069741
3888,0.02237436
3889,0.000475919
3890,0.000320104
3891,0.004719561
3892,0.000912935
3893,0.000408174
3894,0.011813464
3895,0.000825952
3896,0.025056933
3897,0.003869135
3898,0.007477337
3899,0.000581477
3900,0.000312021
3901,0.045096551
3902,0.011723506
3903,0.082471015
3904,0.017218349
3905,0.000397209
3906,0.000341311
3907,0.025587524
3908,0.003118088
3909,0.005046739
3910,0.000309874
3911,0.008248692
3912,0.009932182
3913,0.000230098
3914,0.00028498
3915,0.00814405
3916,0.011954226
3917,0.005692129
3918,0.000319316
3919,0.031142543
3920,0.000290294
3921,0.002437584
3922,0.03153431
3923,0.018292929
3924,0.002586293
3925,0.002203199
3926,0.012379536
3927,0.000499507
3928,0.644368707
3929,0.044959457
3930,0.057470033
3931,0.003221605
3932,0.000708246
3933,0.229457253
3934,0.012250012
3935,0.039885742
3936,0.012052856
3937,0.00030822
3938,0.000655864
3939,0.002962626
3940,0.000395894
3941,0.001383485
3942,0.000284553
3943,0.159604011
3944,0.049813983
3945,0.0695073
3946,0.000295046
3947,0.000441795
3948,0.0049759
3949,0.010429046
3950,0.000541738
3951,0.002311087
3952,0.01505107
3953,0.000352083
3954,0.000477413
3955,0.037721079
3956,0.059828963
3957,0.002515564
3958,0.00093835
3959,0.043136958
3960,0.000230857
3961,0.020772499
3962,0.015512975
3963,0.004598256
3964,0.001050545
3965,0.005025937
3966,0.00683531
3967,0.000760319
3968,0.010461862
3969,0.005627094
3970,0.001416625
3971,0.01880415
3972,0.00158915
3973,0.025243858
3974,0.039889746
3975,0.000571048
3976,0.040918262
3977,0.01105139
3978,0.001336778
3979,0.00210116
3980,0.000290664
3981,0.000802
3982,0.001822362
3983,0.00211211
3984,0.000548912
3985,0.033931574
3986,0.007851648
3987,0.001915191
3988,0.000348281
3989,0.001427327
3990,0.000365819
3991,0.00543071
3992,0.002602036
3993,0.000304635
3994,0.0007781
3995,0.532544747
3996,0.000410328
3997,0.003332498
3998,0.445492368
3999,0.002052973
4000,0.002466095
4001,0.042533635
4002,0.009029437
4003,0.001002457
4004,0.000306685
4005,0.006314492
4006,0.000318783
4007,0.02106236
4008,0.000340954
4009,0.1258808
4010,0.050095546
4011,0.038050908
4012,0.00393107
4013,0.008654073
4014,0.000441865
4015,0.000273632
4016,0.569873934
4017,0.000445877
4018,0.000416098
4019,0.001192148
4020,0.001231729
4021,0.000641798
4022,0.003487459
4023,0.000434752
4024,0.0002729
4025,0.001472026
4026,0.000538207
4027,0.000396818
4028,0.005175026
4029,0.051353948
4030,0.018328957
4031,0.007589656
4032,0.001275519
4033,0.004250463
4034,0.00936964
4035,0.019396223
4036,0.026222725
4037,0.000250816
4038,0.004251576
4039,0.016542252
4040,0.303257953
4041,0.000409546
4042,0.027374807
4043,0.112406388
4044,0.003107944
4045,0.000643161
4046,0.005407712
4047,0.001933324
4048,0.02557838
4049,0.002050774
4050,0.000591
4051,0.000377727
4052,0.00250399
4053,0.030619826
4054,0.008282068
4055,0.000328283
4056,0.003379739
4057,0.022194846
4058,0.000258153
4059,0.025022642
4060,0.000351206
4061,0.001781336
4062,0.004805935
4063,0.0029166
4064,0.000541407
4065,0.012820394
4066,0.000418942
4067,0.000309875
4068,0.00033672
4069,0.001307147
4070,0.003320187
4071,0.001958578
4072,0.001917208
4073,0.000249929
4074,0.012466639
4075,0.005264775
4076,0.18052898
4077,0.000807102
4078,0.00269283
4079,0.000512887
4080,0.001356352
4081,0.001009357
4082,0.003061538
4083,0.002823656
4084,0.020511688
4085,0.014349014
4086,0.002644525
4087,0.019204492
4088,0.016385327
4089,0.001281814
4090,0.047479526
4091,0.001207002
4092,0.000814115
4093,0.001134669
4094,0.000814795
4095,0.000372013
4096,0.000432543
4097,0.000888846
4098,0.00235635
4099,0.001765501
4100,0.00600213
4101,0.002015324
4102,0.013510499
4103,0.045276186
4104,0.31262223
4105,0.000517569
4106,0.002062433
4107,0.12224803
4108,0.001969038
4109,0.000480073
4110,0.000258438
4111,0.071272342
4112,0.002219565
4113,0.03326736
4114,0.008162657
4115,0.000702035
4116,0.000418176
4117,0.016473392
4118,0.031275008
4119,0.000285266
4120,0.008693243
4121,0.049122489
4122,0.000883669
4123,0.031351392
4124,0.015326176
4125,0.001985407
4126,0.007701108
4127,0.081844535
4128,0.0041394
4129,0.000314946
4130,0.000986373
4131,0.000448794
4132,0.007338749
4133,0.001309464
4134,0.000494424
4135,0.000709543
4136,0.017284376
4137,0.000699861
4138,0.003453194
4139,0.002981211
4140,0.023315904
4141,0.000965796
4142,0.001161084
4143,0.024240185
4144,0.000883074
4145,0.001902594
4146,0.07685502
4147,0.00032821
4148,0.005323448
4149,0.000298646
4150,0.004496617
4151,0.007415369
4152,0.000307336
4153,0.074794905
4154,0.003732956
4155,0.000341674
4156,0.000788677
4157,0.003096949
4158,0.124461794
4159,0.007577523
4160,0.000277161
4161,0.000693017
4162,0.00064124
4163,0.000612926
4164,0.011948473
4165,0.000531045
4166,0.026683068
4167,0.000882909
4168,0.005881113
4169,0.004286914
4170,0.001843264
4171,0.022984083
4172,0.002003095
4173,0.001925135
4174,0.02095302
4175,0.017468805
4176,0.022986054
4177,0.001976975
4178,0.002366308
4179,0.086179319
4180,0.04708379
4181,0.009971348
4182,0.005468152
4183,0.048970412
4184,0.010018868
4185,0.004337174
4186,0.001066012
4187,0.001056909
4188,0.009077289
4189,0.002071708
4190,0.0987966
4191,0.009298473
4192,0.00305533
4193,0.037878625
4194,0.063340123
4195,0.000358265
4196,0.001250657
4197,0.000317303
4198,0.013680763
4199,0.008345873
4200,0.019906938
4201,0.002842517
4202,0.010892919
4203,0.000437327
4204,0.007757201
4205,0.020082258
4206,0.008331363
4207,0.000380977
4208,0.000976373
4209,0.619970255
4210,0.000832549
4211,0.0016111
4212,0.02352342
4213,0.001622975
4214,0.002750639
4215,0.001110475
4216,0.000495899
4217,0.006191643
4218,0.015794797
4219,0.0046949
4220,0.000551811
4221,0.00047002
4222,0.017375483
4223,0.001480764
4224,0.00046737
4225,0.004019275
4226,0.004336539
4227,0.000894778
4228,0.000530506
4229,0.000991953
4230,0.010474512
4231,0.00159488
4232,0.015693032
4233,0.371694768
4234,0.028493151
4235,0.024195491
4236,0.006380607
4237,0.000291474
4238,0.00199826
4239,0.002211702
4240,0.010193422
4241,0.000388248
4242,0.000622455
4243,0.000611039
4244,0.012171185
4245,0.00416675
4246,0.002301492
4247,0.001790698
4248,0.000662514
4249,0.000712388
4250,0.0003465
4251,0.001062805
4252,0.003046894
4253,0.02659956
4254,0.0005076
4255,0.001193503
4256,0.000349288
4257,0.011135036
4258,0.000430315
4259,0.00058646
4260,0.004054095
4261,0.000478266
4262,0.0271647
4263,0.00344324
4264,0.013211598
4265,0.00089413
4266,0.00032599
4267,0.048918832
4268,0.001623837
4269,0.005068275
4270,0.039372789
4271,0.000384043
4272,0.001011681
4273,0.001133132
4274,0.001012049
4275,0.003312068
4276,0.004572841
4277,0.003239953
4278,0.005597745
4279,0.001766014
4280,0.000594797
4281,0.009240418
4282,0.007544586
4283,0.001162128
4284,0.076077573
4285,0.052942845
4286,0.097500903
4287,0.001109854
4288,0.22571671
4289,0.000834542
4290,0.000221377
4291,0.012668011
4292,0.000258285
4293,0.055103895
4294,0.008197627
4295,0.000594946
4296,0.013007123
4297,0.003966219
4298,0.006444411
4299,0.050563956
4300,0.000287725
4301,0.00394432
4302,0.00047601
4303,0.000452502
4304,0.002818286
4305,0.000321154
4306,0.032982326
4307,0.000254212
4308,0.002346291
4309,0.00453776
4310,0.011734487
4311,0.001948532
4312,0.069407202
4313,0.000966634
4314,0.053669475
4315,0.003584317
4316,0.019079942
4317,0.000700275
4318,0.000476666
4319,0.000638769
4320,0.01730768
4321,0.00438857
4322,0.000635133
4323,0.002920193
4324,0.008225524
4325,0.000300524
4326,0.000523196
4327,0.00057077
4328,0.002961402
4329,0.016364396
4330,0.000613462
4331,0.000880722
4332,0.000299865
4333,0.002121508
4334,0.000458441
4335,0.000557929
4336,0.004438152
4337,0.001180885
4338,0.033124005
4339,0.00022238
4340,0.00049476
4341,0.006033857
4342,0.003458311
4343,0.000509554
4344,0.014837731
4345,0.055952019
4346,0.004901339
4347,0.02499247
4348,0.001723289
4349,0.001593738
4350,0.00031842
4351,0.005583481
4352,0.002372938
4353,0.057579258
4354,0.000850729
4355,0.030866747
4356,0.001887354
4357,0.018504259
4358,0.010276253
4359,0.001077656
4360,0.000535139
4361,0.002267175
4362,0.345749901
4363,0.028775578
4364,0.000396285
4365,0.001072106
4366,0.003110944
4367,0.000262594
4368,0.001191435
4369,0.007088805
4370,0.001190616
4371,0.000381701
4372,0.000769122
4373,0.001084523
4374,0.000312464
4375,0.014691599
4376,0.000358478
4377,0.000318747
4378,0.000317219
4379,0.002035461
4380,0.000482805
4381,0.002729615
4382,0.129434568
4383,0.000936125
4384,0.021699752
4385,0.002982291
4386,0.020561247
4387,0.001467995
4388,0.000288293
4389,0.013807313
4390,0.001585954
4391,0.002240686
4392,0.001587046
4393,0.000270202
4394,0.001990293
4395,0.018119553
4396,0.000410197
4397,0.012342096
4398,0.001454962
4399,0.048691584
4400,0.000430468
4401,0.001730706
4402,0.012567899
4403,0.000817293
4404,0.003651956
4405,0.000531607
4406,0.000725236
4407,0.000862606
4408,0.155253029
4409,0.001306117
4410,0.000318589
4411,0.00048739
4412,0.000331767
4413,0.00031152
4414,0.002413623
4415,0.01019705
4416,0.0003091
4417,0.001013903
4418,0.070100438
4419,0.01772502
4420,0.000701669
4421,0.000465188
4422,0.007426831
4423,0.000274331
4424,0.000451365
4425,0.003958013
4426,0.00056496
4427,0.00305243
4428,0.001027363
4429,0.001006578
4430,0.00344054
4431,0.002592061
4432,0.000307855
4433,0.000906007
4434,0.012409962
4435,0.000694809
4436,0.081375882
4437,0.000571199
4438,0.036608855
4439,0.002039979
4440,0.014310179
4441,0.021271848
4442,0.002323821
4443,0.012668527
4444,0.000417272
4445,0.002677478
4446,0.004687104
4447,0.005448048
4448,0.000772561
4449,0.001113448
4450,0.002887341
4451,0.000910532
4452,0.00036091
4453,0.000843988
4454,0.004018105
4455,0.003998789
4456,0.01144032
4457,0.02952981
4458,0.000398083
4459,0.004488027
4460,0.002489873
4461,0.002993802
4462,0.026473665
4463,0.000744048
4464,0.001565014
4465,0.000330639
4466,0.010465219
4467,0.005478905
4468,0.000407168
4469,0.000257142
4470,0.266290342
4471,0.00094129
4472,0.010002514
4473,0.012991308
4474,0.021729899
4475,0.000958626
4476,0.00030419
4477,0.052844847
4478,0.029841718
4479,0.007732085
4480,0.001377561
4481,0.00030352
4482,0.00017523
4483,0.000302718
4484,0.00036173
4485,0.015793236
4486,0.059935073
4487,0.004768186
4488,0.001908536
4489,0.011326387
4490,0.055200062
4491,0.003590515
4492,0.000387615
4493,0.014563461
4494,0.000352994
4495,0.003797465
4496,0.000819972
4497,0.022301034
4498,0.071788506
4499,0.022271859
4500,0.001859171
4501,0.00156472
4502,0.048076022
4503,0.241923233
4504,0.001513768
4505,0.00261806
4506,0.001106514
4507,0.000244017
4508,0.000352032
4509,0.000802425
4510,0.000321702
4511,0.025400691
4512,0.007798464
4513,0.042075366
4514,0.002077325
4515,0.008184684
4516,0.000289989
4517,0.000527272
4518,0.001784657
4519,0.005688598
4520,0.00148843
4521,0.005417879
4522,0.000325614
4523,0.045731235
4524,0.006322621
4525,0.002407957
4526,0.010974419
4527,0.016750355
4528,0.000430435
4529,0.004734981
4530,0.013830594
4531,0.000465311
4532,0.000607284
4533,0.018881354
4534,0.003634991
4535,0.021732263
4536,0.000673012
4537,0.006091065
4538,0.002227737
4539,0.314308914
4540,0.002458931
4541,0.012913573
4542,0.000304648
4543,0.002206062
4544,0.019971048
4545,0.000252954
4546,0.001260148
4547,0.003397453
4548,0.000783232
4549,0.000699899
4550,0.056572609
4551,0.025896411
4552,0.005917702
4553,0.000567531
4554,0.176126096
4555,0.00162007
4556,0.009655371
4557,0.001370488
4558,0.000537414
4559,0.000847597
4560,0.005430524
4561,0.018917702
4562,0.044796035
4563,0.04242486
4564,0.018491222
4565,0.031839068
4566,0.000336843
4567,0.017981831
4568,0.001214015
4569,0.013496684
4570,0.016044094
4571,0.00078026
4572,0.000861869
4573,0.1536598
4574,0.050368061
4575,0.011793589
4576,0.0019203
4577,0.000712305
4578,0.010410685
4579,0.000943474
4580,0.000318307
4581,0.007181811
4582,0.000496062
4583,0.000957944
4584,0.000355446
4585,0.000549045
4586,0.001147309
4587,0.000551139
4588,0.000453082
4589,0.00483154
4590,0.000728373
4591,0.00360529
4592,0.04862431
4593,0.001522753
4594,0.000407321
4595,0.000977357
4596,0.003659971
4597,0.000291475
4598,0.00064863
4599,0.150683812
4600,0.001216203
4601,0.000585684
4602,0.016021287
4603,0.001810885
4604,0.103752064
4605,0.001460472
4606,0.000735272
4607,0.000284269
4608,0.00264985
4609,0.02171826
4610,0.000454067
4611,0.000396609
4612,0.005241901
4613,0.001185425
4614,0.000433639
4615,0.008676464
4616,0.000471707
4617,0.39696396
4618,0.000331534
4619,0.024390805
4620,0.000951976
4621,0.000311248
4622,0.000356817
4623,0.008845165
4624,0.009828983
4625,0.000264034
4626,0.021997752
4627,0.001571833
4628,0.004245747
4629,0.000468512
4630,0.001327663
4631,0.276456331
4632,0.24672615
4633,0.001892485
4634,0.002625227
4635,0.757906564
4636,0.077836052
4637,0.000967024
4638,0.062764731
4639,0.00467688
4640,0.001630889
4641,0.013845127
4642,0.003496991
4643,0.054339337
4644,0.006378976
4645,0.131648635
4646,0.022796016
4647,0.022216888
4648,0.000480074
4649,0.0003636
4650,0.002443796
4651,0.021290617
4652,0.016088102
4653,0.000381541
4654,0.00522014
4655,0.000256936
4656,0.031345943
4657,0.000311826
4658,0.053635506
4659,0.008192245
4660,0.000664674
4661,0.012587239
4662,0.031913019
4663,0.000579833
4664,0.080159097
4665,0.00080216
4666,0.021711215
4667,0.014138241
4668,0.000362185
4669,0.006463525
4670,0.002807778
4671,0.00035147
4672,0.062784792
4673,0.00511955
4674,0.005668414
4675,0.000593283
4676,0.00977175
4677,0.013811026
4678,0.000551465
4679,0.035631227
4680,0.008041775
4681,0.007552335
4682,0.019863064
4683,0.002470936
4684,0.000452543
4685,0.02674899
4686,0.279202871
4687,0.005118217
4688,0.002216183
4689,0.015308354
4690,0.030691931
4691,0.000478116
4692,0.000319458
4693,0.000238491
4694,0.0027198
4695,0.010748412
4696,0.017938482
4697,0.001014027
4698,0.024904963
4699,0.00072745
4700,0.010577446
4701,0.000399382
4702,0.000869435
4703,0.000282503
4704,0.000734464
4705,0.011419774
4706,0.001034398
4707,0.001833359
4708,0.001650898
4709,0.000322953
4710,0.001641916
4711,0.002363298
4712,0.016472574
4713,0.000624226
4714,0.000424504
4715,0.000908868
4716,0.001388993
4717,0.013098879
4718,0.001384129
4719,0.001610847
4720,0.000675268
4721,0.000373583
4722,0.000808324
4723,0.076695646
4724,0.000804694
4725,0.007170109
4726,0.001363837
4727,0.002502702
4728,0.000846603
4729,0.01117388
4730,0.001015158
4731,0.001610774
4732,0.002169819
4733,0.000518291
4734,0.033381139
4735,0.00045498
4736,0.018524244
4737,0.000235211
4738,0.075311865
4739,0.018209741
4740,0.001105795
4741,0.00038523
4742,0.001650285
4743,0.000521399
4744,0.00292066
4745,0.006803505
4746,0.082054359
4747,0.001880592
4748,0.043880322
4749,0.000427956
4750,0.000893596
4751,0.000843271
4752,0.001112417
4753,0.011557362
4754,0.030889808
4755,0.000356851
4756,0.068765138
4757,0.000570137
4758,0.000827848
4759,0.00219754
4760,0.004255089
4761,0.002646742
4762,0.001210264
4763,0.000410604
4764,0.001112529
4765,0.005005785
4766,0.000287158
4767,0.000534001
4768,0.012222076
4769,0.307093779
4770,0.001511181
4771,0.005420286
4772,0.000527946
4773,0.000699103
4774,0.000647576
4775,0.002950901
4776,0.000464079
4777,0.002608264
4778,0.064326136
4779,0.000311408
4780,0.000287544
4781,0.00818494
4782,0.001130857
4783,0.002486514
4784,0.013867207
4785,0.001655685
4786,0.000441426
4787,0.069834795
4788,0.000843406
4789,0.005901725
4790,0.001391227
4791,0.018094447
4792,0.001841402
4793,0.026533242
4794,0.140796887
4795,0.008778039
4796,0.006786472
4797,0.000458434
4798,0.070678863
4799,0.000456825
4800,0.114451017
4801,0.000328932
4802,0.000777739
4803,0.000469807
4804,0.000628259
4805,0.000570142
4806,0.000960502
4807,0.010494591
4808,0.002981888
4809,0.001481804
4810,0.000343156
4811,0.000365698
4812,0.037957973
4813,0.003961998
4814,0.00066605
4815,0.00053593
4816,0.01927117
4817,0.085120977
4818,0.009050979
4819,0.000359002
4820,0.037367337
4821,0.006436453
4822,0.000393535
4823,0.067977057
4824,0.009492448
4825,0.000266892
4826,0.056987544
4827,0.00494942
4828,0.000380668
4829,0.045945911
4830,0.000343863
4831,0.048967794
4832,0.010155841
4833,0.02831431
4834,0.792474462
4835,0.001893745
4836,0.000282952
4837,0.022984449
4838,0.003742574
4839,0.000978961
4840,0.000579435
4841,0.000429212
4842,0.054737568
4843,0.000752661
4844,0.006535115
4845,0.004226907
4846,0.000556719
4847,0.022642556
4848,0.001893232
4849,0.019766356
4850,0.01225091
4851,0.000318575
4852,0.001193234
4853,0.000312164
4854,0.000268993
4855,0.001851962
4856,0.007828132
4857,0.000664041
4858,0.001732899
4859,0.000305475
4860,0.004987344
4861,0.000389409
4862,0.002236152
4863,0.000381556
4864,0.034057511
4865,0.016353167
4866,0.000854803
4867,0.004397586
4868,0.052892059
4869,0.00063164
4870,0.008186889
4871,0.01556614
4872,0.032848764
4873,0.008991296
4874,0.002965672
4875,0.000498525
4876,0.030056797
4877,0.027518964
4878,0.014556758
4879,0.000509302
4880,0.005013561
4881,0.001537212
4882,0.000567662
4883,0.000272478
4884,0.000417788
4885,0.02976217
4886,0.00231158
4887,0.014438563
4888,0.000323861
4889,0.05643632
4890,0.002524133
4891,0.008973262
4892,0.003936469
4893,0.112560787
4894,0.020706851
4895,0.202848311
4896,0.033948168
4897,0.00124876
4898,0.001327375
4899,0.025422435
4900,0.001231837
4901,0.001727184
4902,0.00021649
4903,0.00055301
4904,0.009869662
4905,0.001363814
4906,0.001730549
4907,0.000309825
4908,0.00033186
4909,0.000481323
4910,0.001805045
4911,0.019448492
4912,0.003424002
4913,0.000909703
4914,0.039206543
4915,0.002685106
4916,0.01533248
4917,0.006339838
4918,0.000346318
4919,0.00220456
4920,0.000400538
4921,0.026569556
4922,0.002034661
4923,0.00275418
4924,0.000361029
4925,0.001200105
4926,0.018726814
4927,0.000309121
4928,0.001204755
4929,0.028670993
4930,0.001539294
4931,0.000275476
4932,0.039550975
4933,0.073302329
4934,0.011574082
4935,0.000485281
4936,0.035991902
4937,0.000225937
4938,0.019089358
4939,0.002133149
4940,0.0006443
4941,0.000552303
4942,0.000353924
4943,0.001075595
4944,0.007773166
4945,0.000597967
4946,0.021242403
4947,0.008207853
4948,0.002473454
4949,0.00528284
4950,0.000412742
4951,0.000751185
4952,0.000965109
4953,0.000596258
4954,0.069644486
4955,0.00390161
4956,0.003901117
4957,0.000353189
4958,0.032707262
4959,0.017899682
4960,0.002053393
4961,0.001681952
4962,0.002950021
4963,0.000388948
4964,0.002256929
4965,0.023609834
4966,0.004366795
4967,0.000374336
4968,0.005865137
4969,0.002695806
4970,0.014801642
4971,0.000564064
4972,0.000748742
4973,0.000402445
4974,0.000977516
4975,0.000501088
4976,0.000759747
4977,0.000957879
4978,0.001458381
4979,0.001083787
4980,0.006310483
4981,0.000327513
4982,0.060712854
4983,0.000598023
4984,0.000500928
4985,0.001068951
4986,0.000379957
4987,0.00026943
4988,0.000530584
4989,0.006778847
4990,0.002943242
4991,0.007397423
4992,0.000250544
4993,0.001910972
4994,0.000346075
4995,0.000262254
4996,0.000719388
4997,0.00299238
4998,0.000275622
4999,0.014908389
5000,0.000280604
